Livsmedelsnamn;Livsmedelsnummer;Energi (kcal)(kcal);Protein(g);Fett(g);Kolhydrater(g)
Talg nöt;1;656;7;71;0
Späck gris;2;763;2,8;85;0
Ister gris;3;884;0;100;0
Kokosfett;4;884;0;100;0
Matfettsblandning havssaltat fett 80% berikad typ Bregott;5;712;0,5;80;0,5
Matfettsblandning fett 60 % berikad typ Bregott mellan;6;534;0,4;60;0,5
Bordsmargarin fett 70% berikad typ Milda;7;621;0,2;70;0,3
Bordsmargarin extrasaltat fett 60% berikad typ Milda;8;533;0,2;60;0,3
Bordsmargarin mjölkfri fett 60% berikad typ Milda;9;531;0;60;0
Flytande margarin fett 82 % berikad typ Milda culinesse;10;650;0;74;0
Hushållsmargarin fett 80% berikad typ Melba;12;710;0,1;80;0,4
Hushållsmargarin fett 80% berikad typ Milda;13;712;0,5;80;0,5
Lättmargarin fett 38% berikad typ Becel;17;348;0;38;3
Lättmargarin m växtsterol 7,5% fett 35% berik typ Becel proactiv;18;320;0,1;35;2,5
Lättmargarin fett 40% berikad typ Lätt & lagom;20;376;0,5;40;4,9
Majonnäs fett 90% ;21;800;1,2;89,6;0,6
Sesamsås;22;157;2,3;13,3;4,5
Gravlaxsås krabbsås;23;468;2,1;45,6;13,5
Gravlaxsås;24;555;1,6;56;13,1
Remouladsås;25;642;1;71,1;2,1
Dressing vinägrett m vatten fett 45%;26;400;0,5;43,4;3,2
Lättmargarin fett 40% berikad typ Lätt & lagom oliv;27;388;0,5;40;8
Lättmargarin fett 40 % berikad typ Lätt & lagom omega 3;28;377;0,3;40;5,5
Smör fett 80 %;29;729;0,4;82;0,5
Smör extrasaltat fett 80% ;30;728;0,6;81,8;0,5
Smör osaltat fett 80%;31;728;0,6;81,8;0,5
Druvkärnolja;33;884;0;100;0
Majsolja;34;884;0;100;0
Olivolja;35;884;0;100;0
Tistelolja;37;884;0;100;0
Sesamolja;38;884;0;100;0
Sojaolja;39;884;0;100;0
Solrosolja;40;884;0;100;0
Vetegroddsolja;41;884;0;100;0
Dressing fett ca 25% ;42;263;0,5;25;9,7
Dressing majonnäs fett ca 60% ;43;572;1;59,9;9,5
Dressing majonnäs fett ca 40% ;44;454;0,5;40;24
Dressing majonnäs fett ca 25%;45;303;0,5;25;19,7
Dressing olja fett ca 45% ;46;416;0,5;43,1;8
Dressing olja fett ca 25% ;47;304;1,9;26,6;15
Dressing majonnäs lätt fett ca 15% ;48;217;1;14,5;20,8
Dressing fett 0%;49;60;1,6;0;13,1
Majonnäs fett 80% ;50;718;1;80;1,5
Gurkmajonnäs el gurksallad gatukök;51;333;0,8;32;10,9
Räkmajonnäs el räksallad gatukök;52;457;5,2;48;2,9
Lättmajonnäs 32,5% fett;53;327;1,2;32,5;8,5
Grönsaksmajonnäs;54;215;1,7;20,9;4,8
Mimosasallad;55;154;2,4;12;8,7
Rödbetssallad mager;56;69;1,4;2,1;10,2
Skaldjurssallad m majonnäsdressing;57;108;8,7;6,7;2,8
Bearnaisesås;58;392;2,4;42,7;1,6
Hollandaisesås;59;467;2,8;51,6;0,5
Rhode Island sås;60;372;1,8;38,5;5,6
Dressing vinägrett fett  65% ;62;586;0,6;65;2,2
Bearnaisesås fryst el pulver tillagad;63;224;2,6;21;6,7
Hollandaisesås fryst el pulver tillagad;64;232;2,6;22;6,6
Mesost fett 17% berik typ Fjällbrynt;65;386;8,5;17;49,5
Mesost fett ca 30% berik;66;460;11;29;39
Mesost lätt fett 9% berik;67;344;9;9;56
Messmör fett 5% berik;68;260;7;5;46
Messmör fett 2% berik;69;245;7;2;49
Keso färskost fett 4% ;70;93;12;4;2,1
Keso färskost ananas apelsin fett 3%;71;105;10,3;2,8;9,1
Keso färskost chili pesto lök feta fett 3,5-5% ;72;94;12,3;4,2;0,9
Färskost på filmjölk fett ca 8%;73;119;8;8,4;2,9
Färskost på filmjölk o gräddfil fett ca 14% ;74;178;9,7;14,2;3,1
Kvarg färskost fett 1% Kesella lätt;75;75;12,7;1;3,6
Kvarg färskost fett 10% Kesella;76;152;12,7;10;2,9
Ost hårdost fett 10% ;77;226;32,4;10;1,5
Ost hårdost fett 23% ;78;325;29,2;23;0,8
Ost hårdost fett 26% ;79;337;24,9;26;1,4
Ost hårdost fett 38% ;80;421;19,8;38;1,2
Camembert vitmögelost  fett 23%;81;286;21,5;22,5;0
Ädelost grönmögelost fett 30% ;82;363;21,5;30,5;1,5
Mjukost smältost fett 8% ;83;146;18,1;8;0,5
Mjukost smältost fett 10% ;84;160;17,1;10,1;0,3
Mjukost smältost fett 20% ;85;253;16,9;20,8;0,1
Mjukost smältost fett ca 16% ;86;208;16;15,5;1,5
Mjukost smältost fett 4% ;87;117;18;4;2
Margarinost fett 16%;88;272;30;16;2
Margarinost fett 30%;89;369;24;30;1,5
Ost hårdost fett 5% ;90;188;33,9;5;1,5
Ost hårdost fett 7% ;91;203;33,3;7;1,5
Brieost vitmögelost fett 34%;92;378;17;34;2,1
Ädelost grönmögelost lätt fett 17% ;93;315;31,4;20,8;0,9
Fetaost fett 16%;94;214;17;16;0,8
Ost hårdost fett 17% ;95;280;30,3;17;1,5
Ost hårdost fett 28% ;96;363;27,1;28;1,4
Ost hårdost fett 31% ;97;386;26,2;31;1,4
Brieost vitmögelost fett 28%;98;330;19,8;28;0,5
Fetaost fett 25% ;99;297;17,5;24,7;1,8
Halloumiost fett 22% ej stekt ;100;285;19,5;22,1;2,5
Färskost fett 33% typ Cantadou;101;343;10,2;33;2,4
Grönmögelost fett 43 % Blå Castello;102;429;9,6;43;2,5
Parmesanost hårdost riven fett 30% ;103;449;41,5;30;3,8
Färskost fett 35% Boursin;104;340;4;35;3,5
Camembert vitmögelost lätt fett 11%;105;185;21,4;11;0,2
Mjukost smältost fett ca 22% typ Den skrattande kon;106;273;10,3;22,4;8,2
Färskost fett 27% typ Philadelphia;107;276;6,1;27,3;2,4
Färskost lätt fett 15% typ Philadelphia;108;187;7,8;16;3,4
Färskost extra light fett 5% typ Philadelphia;109;116;12,3;5,3;4,7
Camembert vitmögelost friterad;110;312;18,4;21,7;11,1
Getost chèvre vitmögelost fett 25% ;111;345;20,6;29;1,4
Bröstmjölk humanmjölk fett 4,6%;113;75;1,3;4,6;7,2
Filmjölk fett 3% ;114;60;3,4;3;4,8
Kondenserad mjölk konserv fett ca 8% ;115;136;6,8;7,6;10
Kondenserad mjölk konserv konc sockrad fett ca 9% ;116;331;7,9;8,7;54,6
Mjölkpulver fett 1% ;118;365;36,2;0,8;52
Långfil fett 3% ;119;60;3,4;3;4,8
Lättfil fett 0,5% berik;120;39;3,5;0,5;5
Lättmjölk fett 0,5% berik A- och D-vitamin  ;121;39;3,5;0,5;5
Milkshake choklad jordgubb;122;84;2;3,6;10,9
Mjölk fett 3%;123;60;3,4;3;4,8
Yoghurt naturell fett 3 % ;124;60;3,4;3;4,8
Fruktyoghurt fett 2,5%;125;97;3,3;2,5;15
Fruktyoghurt lätt fett 0,5%;126;76;3;0,5;14,3
Gammaldags mjölk fett 4,2 %;127;70;3,4;4,1;4,8
A-fil  fett 3%;128;60;3,4;3;4,8
Mellanmjölk fett 1,5% berik A- och D-vitamin;129;48;3,5;1,5;5
Mellanfil fett 1,5% berik;130;48;3,5;1,5;5
Minimjölk fett < 0,1% berik;131;36;3,5;0,1;5
Mjölkdryck jordgubb fett 1,5% berik ;133;50;3,3;1,7;5,2
Lättyoghurt naturell fett 0,5% berik;135;43;3,9;0,5;5,5
Fruktyoghurt fett 2% ;136;93;3,3;2;15
Delikatessyoghurt fett 7 %;137;129;2,5;7;14
Fruktyoghurt lätt fett < 0,05%;138;52;3,8;0,1;8,8
Yoghurt fett 5% typ Yoggi Yunior;139;127;5,6;5,1;14,6
Yoghurt fett 1,3% typ Yoplait;140;93;7;1,4;13
Yoghurt vanilj m godiskulor fett  5% typ Mellis;141;125;3;5;16,8
Kefir fett 3% ;142;60;3,4;3;4,8
Mellanmjölk fett  1,5% berik m D-vitamin;150;47;3,4;1,5;5
Lättmjölk fett 0,5% berik m D-vitamin;151;39;3,5;0,5;5
Vassle;152;25;0,8;0,1;5,1
Mjölk m vispgrädde (80% + 20%) fett ca 10% ;153;123;3,2;10,4;4,5
Filbunke m vispgrädde fett ca 5% ;154;72;3,4;4,4;4,8
Chokladdryck standardmjölk;156;88;3,6;3,2;10,8
Chokladdryck mellanmjölk;157;73;3,5;1,7;10,5
Chokladdryck lättmjölk;158;65;3,6;0,8;10,6
Chokladmjölk m banan;159;94;3;2,6;13,9
Matlagningsyoghurt fett 8% ;161;103;3,2;8;4,7
Hårt bröd fullkorn råg fibrer 15,5% Wasa husman;162;354;10;2,5;64,4
Hårt bröd fullkorn råg fibrer ca 18% Ryvita mörkt;163;349;14,6;2,5;57,6
Hårt bröd fullkorn vete vallmofrö fibrer 5,5% Siljans frukost;164;398;11,1;7,1;68,9
Hårt bröd fullkorn råg fibrer 14,5% Vika knäckebröd;165;345;9,6;2,4;63,3
Hårt bröd fullkorn råg fibrer 16% Crisp o Finn crisp;166;349;11,1;2;62,8
Hårt bröd fullkorn råg fibrer ca 15% Kavli flatbröd;167;362;9,5;2;68
Hårt bröd glutenfritt fibrer ca 7% ;168;346;6,3;2;71,1
Hårt bröd råg fullkorn fibrer ca 13% ICA handlarnas knäckebröd;169;353;9,3;2,6;65,7
Hårt bröd fullkorn råg kli fibrer ca 15% Siljans kraftknäcke;170;349;9,5;2,5;63,9
Hårt bröd fullkorn råg fibrer ca 14% Falu råg-rut;171;356;10;2,6;65,3
Hårt bröd fullkorn råg fibrer 15,5% Wasa brungräddat;172;350;10;2,4;63,5
Hårt bröd fullkorn råg fibrer ca 16% Wasa sport;173;341;10;1,9;62,1
Hårt bröd fullkorn råg sesamfrö vetekli vetegroddar fibrer 24% Wasa plus;174;355;13;8,2;45,3
Hårt bröd fullkorn råg fibrer 15,5% Wasa delikatess;175;351;10;2;64,7
Hårt bröd fullkorn havre vete råg mjölk fibrer 8% Wasa havre;178;379;13;6,8;61,7
Hårt bröd vete vallmofrö fibrer 6% Wasa frukost;180;406;11;8,5;67,7
Hårt bröd vete socker kanel fibrer ca 7% Wasa kanelknäcke;181;398;10;7,8;67,7
Hårt bröd glutenfritt fibrer ca 3% ;182;385;10;6,5;69,1
Hårt bröd fullkorn vete havre socker kli örtkryddor fibrer 10,5% Wasa knecks;183;391;12;8,4;60,9
Grahamsbröd fullkorn fibrer ca 6% ;184;239;7,4;1,5;45,5
Kornbröd fullkorn fibrer ca 3% ;185;235;5,7;4;42,2
Grahamsscones fullkorn;186;307;6,3;14;37,2
Rågbröd typ pumpernickel fullkorn fibrer ca 10% ;187;221;5,4;1,6;40,8
Ströbröd malt hårt bröd fullkorn vete råg socker fibrer ca 5% typ Wasa ;188;396;9,4;6;72,6
Hårt bröd fullkorn råg fibrer ca 14% Leksands Knäcke normalgräddat;190;349;9,1;2;66
Hårt bröd fullkorn råg vete majs surdeg fibrer 15% Pyramidbageriet;191;335;8,3;1,8;63,4
Vitt bröd vatten typ pitabröd fibrer ca 3,5% ;193;274;8,6;1,6;53,6
Korvbröd;194;285;8,1;4,1;51,2
Hårt bröd fullkorn råg fibrer ca 14% Leksands Knäcke brungräddat;195;354;9,1;2,6;65,5
Vitt bröd fullkorn typ fiberfranska mjölk fibrer ca 4% ;196;269;8,6;2,4;50,4
Vitt bröd vatten typ franska fibrer ca 3% ;197;259;8,3;2,4;48,8
Vitt bröd osötat typ italienskt fibrer ca 2,5%;198;256;8,6;1,4;50,2
Vitt bröd typ baguette fibrer ca 6% ;199;288;10,3;1,9;54
Vitt bröd grov baguette fullkorn surdeg fibrer 4,4% bakad i butik;201;260;7,6;1,2;51,7
Vitt bröd fibrer 3,5% ospec;202;266;8,2;3,6;47,7
Vitt bröd tortilla fibrer 4,6% ;203;307;7,9;6,8;50,6
Vitt bröd typ Hönökaka mjölk fibrer ca 3% ;204;293;7,4;3,1;56,7
Vitt bröd vete scones;205;295;6,8;10,3;42,7
Vitt bröd typ chapati vete ojäst fibrer 3,5% ;206;228;6,7;1,3;44,4
Rågsiktsbröd kavring fullkorn fibrer ca 7% ;207;270;5,5;4,7;47,3
Rågsiktsbröd osötat fibrer ca 3,5% ;208;261;8,4;3,2;47,3
Rågsiktsbröd fibrer ca 4% ;209;266;7,1;2,3;51,4
Grahamsbröd fullkorn m mjölk fibrer ca 5% ;210;279;8,9;5,2;46,1
Rågbröd fullkorn osötat fibrer ca 9% ;211;247;7,2;1,6;46
Rågbröd fullkorn fibrer ca 6% ;212;250;7,5;2,5;45,6
Rågbröd typ rallarhalvor fullkorn fibrer ca 9% ;213;261;6,7;1,5;49,9
Rågbröd fullkorn osötat fibrer ca 5% ;214;239;7,1;1,6;46,1
Hårt tunnbröd fullkorn vete råg korn havre mjölk fibrer 7%;216;361;10;3,5;68
Tunnbröd vitt bröd mjukt mjölk fibrer ca 4% ;217;281;8;3,1;52,4
Rågbröd fullkorn potatis fibrer ca 5% ;219;258;5,7;1,4;52,4
Vitt bröd ostfralla vatten fibrer  ca 3% ;222;275;11,5;3,4;47,2
Riskakor fullkorn solrosfrön majs fett 4% ;224;394;7,9;4,4;77,4
Riskakor fullkorn smaksatta fett 18% ;225;461;7;18,1;65,8
Bröd vitt glutenfritt fibrer ca 3% ;226;299;2,7;6,4;55,6
Bröd mörkt glutenfritt fibrer ca 6% ;227;289;0,6;6,1;54,6
Croissant fransk giffel;229;299;6,7;12,3;39,3
Höstpotatis rå;230;81;1,8;0,1;16,8
Höstpotatis kokt m salt;231;85;1,9;0,1;17,8
Potatis m skal bakad u salt;233;91;1,7;0,1;19,4
Potatis m skal bakad u salt i aluminiumfolie ;234;89;1,5;0,6;18,1
Potatis tärnad fryst;235;81;1,7;0,1;17,3
Färskpotatis konserv;237;61;1,3;0,1;12,2
Klyftpotatis u skal ugnsstekt m rapsolja;238;120;2,2;1,6;23,1
Potatis stekt;240;115;2;3;18,8
Potatis råstekt;241;109;1,9;2,7;17,8
Potatis kokt stekt;242;116;1,9;3,2;18,6
Pommes frites friterad potatis fett ca 7% fryst värmd i ugn;244;216;3,2;7,6;32
Pommes frites friterad potatis fett ca 11% fryst;245;243;3;11,4;30,6
Pommes frites friterad potatis fett ca 17% gatukök;246;307;3,5;17,5;32,6
Kroppkakor el potatispalt m fläsk;248;169;5,7;5,7;22,8
Pytt i panna gjutjärnsstekpanna hemlagad ;249;139;6,3;6,2;13,9
Sjömansbiff hemlagad;250;90;6,8;2,6;9,2
Lapskojs;252;125;8,3;6,1;8,8
Pitepalt;253;161;4,4;4,7;23,7
Bakad potatis m kycklingcurryröra sallad;254;156;3,3;12,2;7,1
Pytt i panna fryst;255;154;6,4;7,9;13,9
Sjömansbiff fryst;256;84;6,7;2,3;8,6
Janssons frestelse kaffegrädde mjölk;257;124;4,1;5,5;13,5
Laxpudding;258;111;7,6;4,4;9,6
Sillpudding;259;126;6,6;6,6;9,5
Bakad potatis m skagenröra sallad;260;159;3,1;10,8;11,2
Potatissallad gräddfil majonnäs;261;151;2;9,1;14,6
Potatis- o purjolökssoppa;262;37;1,1;1,2;4,9
Pytt i panna vegetarisk;263;66;1,5;1,9;9,5
Potatissallad vinägrettsås;264;99;1,6;3,5;14,4
Potatismos pulver berik;265;362;8,2;4,3;68,2
Potatispalt;266;141;4,8;1,7;23,8
Potatiskroketter frysta;267;189;3;8;25,5
Potatis råstuvad hemlagad;268;78;2,2;1,2;14
Potatismos hemlagat;269;87;2,2;2,2;13,9
Potatisgratäng mjölk kaffegrädde ost hemlagad;270;139;5,7;5,9;15
Raggmunkar potatisplättar potatispannkakor hemlagade;271;149;4,2;5,5;20
Potatisstuvning;272;85;2,4;1,9;13,7
Potatisbullar;273;112;3,2;2,3;18,3
Potatismos;274;81;2,2;1,4;14
Potatisgratäng mjölk ost;275;94;3,9;2,5;12,9
Potatiskroketter frysta uppvärmda;276;291;4,6;12,3;39,2
Potatisgratäng vispgrädde hårdost fett 28% ;277;134;4,2;7,4;11,8
Potatismos lättmjölk;278;83;2,1;1,1;15,3
Potatisgratäng lättmjölk hårdost fett 17% ;279;85;4,6;1,6;12,1
Bakad potatis m kesoröra paprika;280;93;4;0,9;15,8
Schweizisk potatiskaka rösti fryst värmd;281;214;2,4;11,4;23,4
Potatiskroketter frysta värmda;282;177;2,8;7;23,9
Potatismos pulver berik tillagad;283;66;1,5;0,8;12,5
Potatisgratäng grädde ost fryst värmd;284;158;4,6;9,4;13,2
Grönsaksblandning morötter palsternacka purjolök rotselleri fryst;286;36;1,2;0,5;5,3
Jordärtskocka;287;69;2;0;12,9
Kålrot;288;35;0,8;0,1;6,4
Morot;289;36;0,7;0,2;6,6
Palsternacka;290;71;1,7;0,6;12,6
Pepparrot;291;81;4,5;0,6;10,8
Rotselleri;292;36;1,5;0,5;4,9
Rädisa;293;15;0,6;0,1;2,2
Rödbeta;294;51;1,2;0,1;9,8
Rättika;295;18;1;0,1;2,5
Rotpersilja;296;61;2,3;0,6;10,7
Majrova;297;35;1,1;0,3;6
Svartrot;298;75;1,4;0,4;14,2
Morötter konserv m lag;299;23;0,6;0,2;3,9
Morötter konserv u lag;300;23;0,6;0,2;4
Morotsjuice;301;34;0,7;0,4;6,3
Rotmos hemlagad;302;52;1;1,3;8,2
Jordärtskockspuré;304;48;1,3;1,5;6,3
Morötter kokta;305;44;0,8;0,3;8
Morötter stuvade;306;69;1,7;3;7,9
Morotssoppa;307;39;0,9;2,1;3,7
Morots- o ärtsoppa;308;38;1,5;1,1;4,8
Morotssoppa snabb;309;52;1,8;1,2;7,3
Jordärtskocka kokt;310;74;2,1;0;13,8
Rotselleri kokt;312;39;1,6;0,5;5,3
Rotsakssallad u dressing;313;40;1;0,2;7,2
Rotsaksgryta rötter brynta;314;63;1,3;2,7;7,2
Rotsaksbiff stekt;315;105;4,9;6,7;5,4
Rödbetssoppa typ Borsjtj;317;23;0,6;0,5;3,5
Rödbeta inlagd u lag;319;58;1,3;0,1;12
Avokado;320;197;1,9;19,6;1,7
Stjälkselleri;321;13;0,7;0,1;1,5
Blomkål;322;24;1,9;0,2;2,6
Blomkål fryst;323;24;2;0,3;2,3
Bondbönor färska kokta;324;67;5,6;0,6;7,5
Broccoli;325;35;3,5;0,3;3,1
Broccoli fryst;326;24;2,4;0,3;1,8
Brysselkål;327;44;3,4;0,3;4,7
Brysselkål fryst;328;41;3,8;0,4;3,4
Mungbönsgroddar;329;35;3;0,4;3,2
Sojabönsgroddar;330;146;13,1;6,7;7
Gröna bönor;331;30;1,8;0,1;3,5
Gröna bönor frysta;332;35;2,3;0,2;4,5
Champinjoner;333;26;2,5;0,2;2,9
Friséesallat;334;15;1,2;0,2;1
Endivesallat;335;14;1;0,1;1,1
Fänkål;336;29;2,8;0,4;1,8
Grönkål;337;50;3,3;0,7;5,7
Grönkål fryst;338;30;2,7;0,5;2,3
Gurka;339;13;0,8;0,1;2,3
Isbergssallat;340;15;0,8;0,1;2,5
Kronärtskocka;342;52;2,7;0,2;7,3
Kålrabbi;343;29;1,7;0,1;4,4
Lök gul;344;39;1,2;0,1;7,3
Majskolv;345;125;3,9;1,6;22,1
Majskolv fryst;346;111;3,3;0,8;21,5
Majskorn frysta;347;100;3;0,8;18,9
Mangold;348;21;1,8;0,2;2,6
Nässlor förvällda;349;31;4,1;0,7;0,6
Paprika grön;350;21;0,8;0,1;3,3
Paprika röd;351;31;1,1;0,2;5,2
Persilja blad;352;35;2,2;0,3;4,4
Pumpa;353;26;1;0,1;4,4
Purjolök;354;30;1,6;0,2;4,1
Rödkål;355;31;1,1;0,3;4,7
Huvudsallat;356;14;1,4;0,2;1,1
Savojkål;357;28;2;0,1;3,6
Salladskål;358;21;1,3;0,1;2,7
Sockerärter;359;37;3,4;0,2;4,3
Spenat;360;18;1,9;0,5;0,7
Spenat fryst;361;20;2,3;0,6;0,5
Squash;362;17;1,2;0,1;2,2
Tomat;364;18;0,8;0,1;2,6
Soltorkade tomater i olja avrunna;365;190;5;12,5;8,7
Trädgårdskrasse;366;37;2,6;0,7;4,3
Vattenkrasse;367;26;2,9;0,1;1,8
Vaxbönor;368;33;1,8;0,1;4,7
Vaxbönor frysta;369;29;1,8;0,1;3,8
Vitkål;370;30;1,1;0,1;4,7
Vitlök;371;160;6,4;0,5;31,1
Aubergine;372;19;1,1;0,1;2,2
Gröna ärter;373;72;5,4;0,4;8,8
Gröna ärter frysta;374;69;5,2;0,4;8,9
Sparris grön el vit;375;27;3,1;0,2;2,4
Alfalfagroddar;376;32;4;0,7;0,9
Dill;377;58;3,7;0,8;7,4
Gräslök;378;28;2,8;0,6;1,7
Basilika färsk;379;25;2,5;0,6;0,4
Chilipeppar färsk;380;47;2;0,2;9,2
Paprika gul;381;29;1,1;0,2;4,4
Paprika grön röd fryst;382;26;1;0,4;3
Champinjoner skivade frysta;383;19;2;0,4;0,8
Linsgroddar;384;125;9;0,6;19,1
Lök gul fryst;385;29;1,5;0;4,1
Grönsaksblandning ärter majs morötter bönor fryst;386;68;3,3;0,5;11,1
Grönsaksblandning ärter morötter bönor blomkål fryst;387;38;2,4;0,5;4,5
Grönsaksblandning ärter morötter fryst;388;60;3,7;0,5;9
Grönsaksblandning ärter majs paprika fryst;389;66;4,2;0,5;8,7
Grönsallat gurka tomat u dressing;390;16;0,9;0,1;2,3
Råkost u dressing;391;30;0,9;0,1;5,2
Paprika grön gul röd;392;26;0,9;0,1;4
Bambuskott konserv u lag;393;24;1,7;0,4;3,1
Gröna bönor konserv m lag;394;20;1;0,1;3,2
Gröna bönor konserv u lag;395;21;1,2;0,1;3
Grönsaksblandning ärter majs paprika saltgurka fryst;396;72;3;0,5;12,5
Champinjoner konserv m lag;397;15;1,9;0,1;0,9
Löksoppa klar konserv tillagad;398;33;1,1;2,2;2
Löksoppa pulver tillagad;399;18;0,6;0,4;2,8
Majskorn konserv u lag;400;103;2,9;0,6;20,2
Oliver gröna inlagda;401;129;1,4;12,7;1,6
Oliver svarta m olja konserv;402;354;2,2;36;4,8
Grönsaksblandning inlagda el pickels sötad u lag;403;116;1,5;0,1;26,1
Sparris grön vit konserv u lag;404;21;2,1;0,7;0,9
Sparrissoppa redd konserv tillagad;405;35;0,9;1,7;3,7
Surkål konserv m lag;406;17;0,9;0,2;2
Tomater hela konserv m lag;407;18;0,9;0,2;2,1
Tomatjuice konserv drickf;408;18;0,8;0,1;2,7
Tomatpasta konserv;409;89;3,8;0,9;13,7
Tomatpuré konc konserv;410;44;1,7;0,1;7,7
Vaxbönor konserv u lag;411;24;1,4;0,3;2,5
Gröna ärter konserv m lag;412;63;3,5;0,3;10,5
Gröna ärter konserv u lag;413;60;4,4;0,4;7,3
Mungbönsgroddar konserv u lag;414;16;1,4;0,1;0,8
Sojabönsgroddar konserv u lag;415;16;1,6;0,2;0,6
Paprikasallad inlagd u lag;416;31;1;0,4;4,3
Ajvar relish grönsakspasta m paprika aubergine;417;70;1,3;3,5;6,9
Svamp konserv u lag;418;23;2,5;0,5;0,9
Kantareller konserv u lag;419;36;1,4;0,7;4,8
Syltlök inlagd;420;83;0,9;0,1;18,7
Tomater gröna syltade;421;86;1,2;0,2;18,6
Tomater krossade konserv m lag;422;22;0,8;0,2;3,7
Fefferoni inlagd konserv;423;19;0,7;0,1;1,7
Wokgrönsaker Asiatiska wokade i rapsolja;424;49;1,4;1,3;5,7
Wokgrönsaker Classic wokade i rapsolja;425;47;1,8;1,6;4,9
Grönsaksblandning ärter morötter konserv m lag;426;41;2,2;0,3;6,1
Grönsaksjuice konserv el pastöriserad drickf;427;19;0,6;0,1;3,7
Champinjoner konserv u lag;428;26;1,9;0,3;2,7
Pumpasallad m paprika inlagd sötad u lag;429;64;0,9;0,2;13,5
Grönsakssoppa klar ;430;23;0,9;0,2;3,9
Spenatsoppa hemlagad;431;36;1,9;2;2,2
Vitkålsstuvning hemlagad;432;69;2,3;3,3;6,8
Blomkål gratinerad;433;67;3,5;3,7;4,3
Blomkål kokt utan salt;434;24;1,9;0,2;2,5
Blomkålsstuvning;435;54;2,7;2,2;5,2
Gröna bönor stuvade;436;67;2,4;3,7;5,2
Grönkålssoppa;437;28;1,2;1,5;2
Grönsakssoppa redd;438;38;1,8;1,5;3,7
Grönsaksbiff stekt;439;124;4,6;5,6;12,2
Grönsallat m vinägrettsås;440;61;1,1;5,2;2,1
Grönsallat m gurka tomat o vinägrettsås;441;84;0,9;7,9;2,4
Grönsallat m gräddfilsås;442;69;2;4,6;4,5
Grönsallat gurka tomat m gräddfilsås;443;68;1,9;4,6;4,7
Grönsallat gurka tomat paprika u dressing;444;16;0,9;0,1;2,5
Gurka färskinlagd;445;31;0,8;0,1;6,8
Lök stekt;446;106;1,6;6,2;9,9
Löksås;447;78;2,1;4,7;6,5
Lök kokt;448;45;1,4;0,1;8,5
Nässelsoppa;450;29;1,1;2;1,5
Paprika förvälld;451;22;0,8;0,1;3,4
Purjolök kokt;452;29;1,5;0,1;4
Rödkål brynt kokt;453;70;1,3;2,3;9,5
Sparrisstuvning;454;65;3,7;2,8;5,9
Spenat fräst;455;54;3,1;3,8;0,7
Spenatstuvning;456;41;3;1,2;3,6
Champinjoner stekta;457;69;3;3,2;5,9
Champinjonstuvning;458;118;3,8;7,5;8,6
Champinjonsås;459;119;4;8,3;7,1
Tomatsallad m vinägrettsås;460;59;0,8;4,8;2,8
Tomatröra italiensk;461;71;1,1;5,3;3,8
Tomatröra mexikansk salsa kall;462;74;1;5,7;4,4
Vegetarisk gryta;463;50;1,2;2;5,5
Vitkålssoppa vegetarisk;464;16;0,7;0,2;2,2
Vitkål kokt;465;36;1,4;0,1;5,7
Brunkål;466;51;1,7;0,2;9
Vitkålssallad pizzasallad;467;143;0,9;12,6;5,9
Vitkålssallad m lingonsylt;468;71;0,8;0,1;15,4
Aubergine kokt;469;20;1,2;0,1;2,3
Aubergine stekt;470;50;1,1;3,6;2,2
Ärter morötter kokta;471;57;3,2;0,3;8,2
Ärter morötter stuvade;472;78;3;3,1;8,6
Ärtpuré;473;36;2,1;0,7;4,3
Grönsaksgryta majs purjo ärter;475;93;4;1,3;14,3
Grönsaksgryta ospec.;478;46;1,7;1,3;5,5
Grönsaksgratäng ospec.;479;92;4,3;4,9;6,7
Grönsakssoppa m pasta m pulver tillagad;480;30;0,9;0,8;4,2
Löksoppa fransk pulver tillagad m vatten;481;25;0,4;0,2;5,2
Grönsakssoppa klar konserv tillagad;482;15;0,6;0,1;2,3
Grönsakssoppa klar pulver tillagad;483;21;1,2;0,4;3,1
Grönsakssoppa redd pulver tillagad m vatten mjölk;484;49;1,7;2,2;5,1
Grönsakssoppa redd pulver tillagad typ Varma koppen;486;45;0,5;2,2;5,3
Gurka inlagd;487;59;0,7;0,7;11,4
Bostongurka;488;79;1;0,4;16,6
Gurka fermenterad u lag;489;9;1;0;1
Saltgurka u lag;490;15;0,9;0,2;1,4
Ättiksgurka u lag;491;43;0,9;0,3;8,2
Kronärtskocka kokt;492;52;2,8;0,2;9,4
Champinjonsoppa pulver tillagad m vatten mjölk;493;56;1,6;2,6;6,5
Champinjonsoppa redd konserv tillagad m mjölk;494;64;2,3;3,7;5,5
Majskolv kokt;495;100;3,3;1;17,3
Blomkålssoppa pulver tillagad m vatten mjölk;496;51;1,6;2,2;5,9
Tomatsoppa pulver tillagad m vatten;497;33;1;0,8;4,6
Tomatsoppa konserv tillagad m vatten mjölk;498;45;1,2;1,4;6,3
Sparrissoppa pulver tillagad m vatten mjölk;499;51;1,4;2,3;5,9
Rödkål konserv;500;72;1,5;0,2;15
Champinjonsås pulver tillagad m mjölk smör;501;113;3,6;7,5;7,6
Grönsaker blandade fermenterade;502;15;1,2;0,1;1,1
Grönsaksjuice fermenterad;503;22;1,5;0,1;3,5
Kåldolmar råa u sås frysta;504;88;5;5;5,2
Vitkålssoppa m fläskkorv hemlagad;505;47;2,2;3,4;1,6
Minestronesoppa;506;38;2,2;0,6;5,3
Paprika fylld m tomatsås;507;57;4;2,7;3,5
Vitkålssoppa m frikadeller;508;33;2,3;0,9;3,1
Får i kål;510;62;6,3;2,7;2,4
Kåldolmar stekta;511;121;6,6;6,1;9
Kålpudding;512;92;6;4,4;6,6
Kycklingsallad m dressing;513;105;12,2;4;4,6
Kycklingsallad u dressing;514;83;10,4;3,1;3
Moussaka;515;107;7,8;6,1;4,4
Wokgrönsaker m kyckling nudlar;518;101;5,6;4,6;8,6
Kycklingsallad ananas paprika vitlöksdressing;519;75;4,5;5,2;2,4
Granatäpple;520;56;0,7;0,6;7
Grapefrukt;521;36;0,7;0,1;7
Guava;522;53;0,8;0,6;10
Hallon;523;34;1,2;0,6;4,1
Hallon sockrade frysta;524;82;0,7;0,2;17,6
Hjortron;525;54;1,3;0,9;7
Jordgubbar;526;41;0,5;0,2;8,3
Jordgubbar hela sockrade frysta;527;86;0,5;0,1;19,7
Broccoligratäng mjölk kaffegrädde ost ägg hemlagad;528;100;6,2;6,5;3,4
Grekisk sallad;529;97;3,1;7,7;3,4
Grönsakssufflé;530;99;5;5,3;7,2
Grönsakslåda;531;84;5,4;4;5,8
Grekisk sallad m feta ost;532;77;2,9;6,1;2
Grönsaksbuljong pasta/pulver storhushåll;535;238;14,9;8,8;24,6
Kelp torkad;536;259;7,9;0,5;54,8
Agar torkad;537;314;2,3;0,3;74,3
Quorn svampprotein färs bitar filé;538;104;13,7;2,1;5
Broccolilåda rökt skinka hårdost;539;151;12,9;9,7;2,9
Grönsaksblandning för wokning;540;47;2,1;0,4;7,4
Ärter o grönsaksblandningar frysta el konserv;541;65;4,2;0,5;9
Wokgrönsaker m nudlar;543;81;1,7;4,1;8,1
Grönsaksbuljong ätfärdig;545;5;0,4;0,2;0,4
Honungsmelon;546;37;0,5;0,1;7,9
Nätmelon;547;37;0,9;0,3;7,1
Rabarber;548;19;0,9;0,2;2,7
Vattenmelon;549;34;0,6;0;7,5
Ananas;550;55;0,4;0,4;11,7
Apelsin;551;49;0,8;0,1;10,2
Aprikos;552;51;1,4;0,4;9,3
Banan;553;101;1;0,5;22
Björnbär;554;44;0,7;0,4;6,5
Blåbär;555;53;0,7;0,8;9,1
Blåbär frysta;556;43;0,5;0,5;7,6
Blåbär sockrade frysta;557;83;0,4;0,1;18,3
Cherimoya;558;99;1,3;0,4;21,1
Citron;559;41;1,1;0,3;7,3
Småcitrus clementiner mandariner tangeriner satsumas;560;44;0,6;0,2;8,9
Fikon;561;58;0,8;0,3;11,7
Fläderbär;562;67;0,7;0,5;11,4
Jordgubbar skivade sockrade frysta;563;102;0,5;0,1;23,8
Kaktusfikon;564;39;0,7;0,5;6,7
Kiwi;565;56;0,9;0,4;10,2
Krusbär;566;38;0,8;0,6;5,7
Physalis;567;57;1,8;0,6;8,9
Kumquat;568;66;0,9;0,1;14,2
Kvitten;569;63;0,4;0,1;13,1
Surkörsbär;570;61;0,9;0,1;13,3
Sötkörsbär;571;69;1,1;0,1;14,7
Lime;572;47;0,7;0,2;10,3
Lingon;573;57;0,7;0,5;11
Mango;574;69;0,5;0,3;15
Kokbanan;575;136;1,3;0,4;30,4
Nektarin;576;56;0,9;0,5;11,7
Papaya;577;43;0,6;0,1;8,8
Paradisäpplen;578;81;0,4;0,3;17,9
Passionsfrukt;579;76;2,2;0,7;7,4
Persika;580;43;0,7;0,1;8,6
Sharon;581;77;0,6;0,2;16,9
Plommon;582;47;0,5;0,1;10,2
Päron;583;54;0,4;0,1;11
Tranbär;584;46;0,4;0,2;8,9
Röda vinbär;585;49;1,2;0,2;8,7
Svarta vinbär;586;77;1,4;1,3;11,5
Vindruvor;587;75;0,7;0,6;15,7
Äpple m skal;588;56;0,3;0,1;12,4
Äpple u skal;589;63;0,2;0,1;14,6
Hallon frysta;590;38;1;0,5;5,4
Björnbär frysta;591;58;1;0,5;8,8
Björnbär sockrade frysta;592;69;1;0,5;12
Jordgubbar frysta;593;33;0,5;0,3;6,4
Hallon blåbär sockrade frysta;597;83;0,6;0,2;18
Apelsinskal;598;104;1,5;0,2;21,8
Aprikoser torkade;599;245;3,6;0,5;49,9
Banan torkad;600;374;3,9;1,8;80,8
Blåbär torkade;601;330;4,6;1;69,8
Citronskal;602;64;1,5;0,3;11,9
Dadlar torkade;603;299;2;0,4;68
Fikon torkade;604;296;3,6;1,2;57,9
Katrinplommon 32,5 % vatten;605;251;2,6;0,5;53,9
Nypon u frön torkade;606;328;3,7;1,4;68,4
Nyponsoppa pulver berik;607;384;0,7;0,2;91,1
Persikor torkade;608;252;3,6;0,8;52,9
Päron torkade;609;282;1,9;0,6;63,4
Russin;610;318;3,2;0,5;69,4
Äpplen torkade;611;257;0,9;0,3;57,2
Frukt torkad;612;266;3,3;0,5;56,8
Papaya torkad;613;263;3,4;0,6;57,6
Ananas konserv m juice;614;62;0,4;0,1;14,2
Ananas konserv m medelsöt lag;617;87;0,4;0,1;20,2
Aprikoser konserv m juice;618;52;0,6;0;11,4
Aprikoser konserv m medelsöt lag;619;118;0,5;0,1;27,7
Fikon konserv m medelsöt lag;622;91;0,4;0,1;20,7
Kiwi konserv u lag;623;81;0,8;0,4;16,5
Röda körsbär surkörsbär konserv m medelsöt lag;624;94;0,7;0,1;21,5
Persikor konserv m medelsöt lag;625;83;0,4;0,1;19,5
Plommon konserv m medelsöt lag;626;94;0,4;0,1;21,8
Päron konserv m lättsöt lag;627;61;0,2;0;13,8
Päron konserv m medelsöt lag;628;77;0,2;0,1;17,6
Äpplen konserv;629;69;0,2;0,5;14,9
Grapefrukt konserv m lättsöt lag;630;63;0,6;0,1;14,6
Fruktcocktail konserv m medelsöt lag;632;81;0,4;0;18,9
Mandarin konserv m lättsöt lag;633;65;0,4;0,1;14,6
Mango konserv m medelsöt lag;634;99;0,3;0,1;23,3
Apelsinsallad;635;67;0,6;0,1;14,9
Frukt bär konserv osötad el m sötmedel u energi;637;35;0,4;0,1;7,6
Fruktsallad;638;90;1;1,8;15,9
Apelsinjuice färskpressad;641;48;0,7;0,2;10,6
Apelsinjuice konc;642;165;2,4;0,2;37,5
Citronjuice färskpressad;645;35;0,4;0;8,3
Citronjuice konc konserv;646;32;0,4;0,3;6,8
Småcitrusjuice färskpressad;647;44;0,5;0,2;9,9
Grapefruktjuice färskpressad;649;39;0,5;0,1;8,8
Limejuice färskpressad;652;40;0,4;0,1;9,2
Risgrynsgröt m lättmjölk;654;73;3;0,4;14
Risgrynsgröt;655;90;3;2,8;13,1
Limejuice konc konserv;657;28;0,2;0,2;6,2
Druvjuice konserv drickf;658;63;0,6;0;14,6
Äppeljuice konserv drickf;659;48;0;0,1;11,4
Ananasjuice konserv drickf;660;55;0,3;0,1;12,8
Apelsinjuice drickf pastöriserad ;661;43;0,6;0,1;9,8
Aprikosnektar drickf pastöriserad ;664;58;0,3;0,1;13,1
Persikonektar drickf pastöriserad ;665;55;0,3;0;13
Päronnektar drickf pastöriserad ;666;60;0,1;0;14,3
Apelsinnektar osötad drickf pastöriserad berik;668;31;0,5;0;7,2
Katrinplommondryck konserv drickf;670;70;0,6;0;15,5
Nypondryck berik;671;41;0,1;0,1;9,7
Havredryck jordgubb/skogsbär berikad Oatly ;672;60;0,9;1,2;10,7
Gröt för barn fullkorn ätf berik ;674;97;3,5;2;15,8
Bovetegröt;675;84;2;0,4;17,2
Grahamsgröt;676;63;1,9;0,5;11,5
Havregrynsgröt fullkorn;677;67;2,4;1,3;10,4
Molinogröt grahamsmjöl torkad frukt linfrö;678;62;1,4;1,3;9,9
Frukostflingor puffat rostat ris Vårgårda ris;679;383;6;0,9;86
Rågkross fullkorn rågflingor ångprep;680;323;9,2;1,5;61,1
Kornmjölsgröt;681;65;1,7;0,6;12,2
Mannagrynsgröt;682;89;4,2;2,9;11,3
Kruskagröt fullkorn russin havregryn veteflingor vetekli;683;61;1,8;0,6;10,8
Rågmjölsgröt;684;62;1,6;0,5;11,4
Vit stuvning ;685;100;3,6;6,1;7,6
Vällingpulver fullkorn berik;688;412;24,5;10,5;52,4
Vällingpulver osockrat fullkorn 38% berik ;689;450;15;16,4;58,9
Vällingpulver osockrat fullkorn 48% berik ;690;435;16;16;53,6
Vällingpulver majs berik;691;437;18;14,5;57
Välling för barn fullkorn osockrad berik ;692;65;2,7;2,1;8,3
Välling för barn fullkorn berik;693;66;2,4;2,4;8,2
Välling för vuxna fullkorn berik;694;71;3,6;1,9;9,2
Havrevälling;695;60;2,1;1,6;8,8
Mannagrynsvälling;696;44;2,2;1,8;4,6
Vetemjölsvälling;698;62;2,8;3;5,8
Välling för vuxna fullkorn osockrad berik ;699;64;3,3;1,7;8,6
Havredryck Oatly;700;44;1,1;1,6;5,8
Havredryck choklad berikad Oatly;701;58;1;1,6;9,4
Havregryn fullkorn ångprep el havremjöl fullkorn  ;702;369;13,3;7;57,6
Fiberhavregryn fullkorn ångprep;703;353;13,2;6,7;52
Havrekli;704;356;19;7;45
Korngryn kornflingor fullkorn ångprep;705;351;9,2;3,1;65,4
Frukostflingor typ corn flakes majs berik ;706;380;8;0,9;82,5
Vetekross veteflingor fullkorn ångprep;707;329;10,2;2;61
Vetegroddar;708;349;27,5;9,4;31,4
Vetekli;709;294;16,6;5;30,4
Frukostflingor fullkornsvete Weetabix;710;366;11,3;2,5;68,4
Kruskakli grovt vetekli;711;269;12,7;5;24,9
Frukostflingor flingblandning fullkorn Basmüsli;712;367;9,3;4,1;67,6
Frukostflingor berik Rice Krispies;713;385;5,4;1,2;86,3
Frukostflingor vetekli malt rostat Allbran Plus;714;336;12,4;4,6;47,3
Frukostflingor fullkorn berik Havrefras;715;394;10,4;6,4;68,9
Frukostflingor ris socker kakao Coco Pops;716;393;4,6;2,6;85,2
Frukostflingor fullkorn musli frukt 33% olja socker;719;382;6,6;6,5;69,6
Frukostflingor flingblandning müsli fullkorn frukt nötter socker el honung;721;369;8;3,8;70,6
Frukostflingor flingblandning glutenfri frukt socker soja;723;368;7,5;3,7;73,2
Frukostflingor fullkorn vetekli berik All-Bran Regular;724;364;9,9;2,8;66,8
Frukostflingor fullkorn berik Special K;725;386;14,6;1,7;75,1
Frukostflingor berik Kalaspuffar;726;395;5,7;1,5;86,4
Frukostflingor berik Frosties;727;388;5,3;0,9;87,5
Frukostflingor fullkorn berik Loops;728;379;7,7;3,2;75,5
Pannkaka tunn hemlagad;731;199;7,1;8,4;23,3
Fattiga riddare;732;200;6,9;5,3;30,2
Pannkaka tunn m lättmjölk stekt;733;163;7;5,6;20,5
Ugnspannkaka m lättmjölk ugnsbakad;734;174;7,7;6,2;21,6
Ugnspannkaka;735;179;7,6;6,9;21,3
Våfflor äggvåfflor;736;234;6,5;12,3;24,2
Våfflor frasvåfflor;737;300;4,7;18,7;28
Pannkakssmet m havre 3% fett ostekt Oatly;738;119;3,5;3;19,1
Fläskpannkaka;739;209;9;11,7;16,8
Räkcrêpe mellanmjölk mjölk vispgrädde (crêpe 56 % fyllning 44 %) hemlagad;740;149;8;7,9;11,3
Räkcrêpe (crêpe 63 % fyllning 37%) fryst värmd;741;175;6,5;8;18,9
Champinjoncrêpe mellanmjölk mjölk vispgrädde (crêpe 56% fyllning 44 %) hemlagad;742;166;6,5;9,9;12,4
Baguette m salami brieost soltorkad tomat sallad;743;240;9,3;13,4;19,7
Ciabatta m mozzarella soltorkad tomat sallad;744;191;7,9;5,9;25,1
Bagel m rökt lax philadelphiaost sallad;745;212;9;7;26,8
Champinjoncrêpe (crêpe 63 % fyllning 37 %) fryst värmd;746;163;5,4;6,8;19
Crêpefyllning kall förrätt;747;133;14,6;7,6;1,6
Pannkaka tunn fylld ospec.;748;181;10,6;9,3;13,4
Vårrulle fryst värmd;750;217;6,9;10,8;22,4
Vårrulle värmd restaurang;751;316;6,6;23,8;18,7
Pajskal gräddat;752;479;5,9;32,1;41,3
Pirog u fyllning gräddad;754;466;6,5;31,3;39,4
Smulpajdeg gräddad;755;503;5;32,1;48,3
Köttfärspaj;756;200;9,8;13,2;10,4
Kycklingpaj;757;129;11,2;6;7,1
Pirog m köttfärsfyllning;758;347;8,8;23,1;26,1
Pizza m skinka salami köttfärs;759;267;11;11,2;29,5
Köttfärspaj fryst värmd;760;344;9,9;22,1;26,1
Pirog köttpirog fryst värmd;761;295;8,8;13,6;33,5
Pizza Capricciosa rökt skinka fryst el kyld värmd;762;248;11,5;10,1;27
Pizza Capricciosa rökt skinka restaurang;763;267;11;13,4;25
Pizza Pepperoni rökt korv fryst värmd;764;297;13,6;12,9;30,7
Pizza pan pizza rökt griskött fryst värmd;765;280;13,1;13,2;26,5
Pizza pan pizza m rökt griskött restaurang;766;238;11,4;9,2;26,3
Ost- o skinkpaj fryst värmd;767;319;11,1;21,4;20,3
Fiskpaj;768;248;10,4;16,1;15,5
Pizza m räkor musslor;769;168;8,2;7,4;16,5
Vol-au-vent m räkstuvning;770;193;6,6;10,5;17,8
Skaldjurspaj fryst värmd;771;306;10,4;19,6;22
Pizza Marinara skaldjur restaurang;772;258;12,9;12,7;22,2
Pizza vegetarisk;773;167;7,3;6,9;18,1
Pizza Margherita ost tomatsås;774;176;7,7;6,9;19,9
Kycklingburgare McDonalds;775;229;10,7;10,1;22,8
Fiskburgare McDonalds;776;281;12,4;13,1;27,3
Baguette m rostbiff potatissallad sallad;777;197;6,6;5,7;28,4
Baguette grov m skaldjur tonfisk smögenröra sallad;778;189;5,7;6,1;26,2
Baguette grov m ost skinka sallad lättmajonnäs;779;184;7,7;4,6;25,9
Bagel m salami philadelphiaost sallad oliv;780;166;5,9;7,5;17,2
Smörgås typ sandwich räkor ägg sallad majonnäs;781;295;7,3;19,7;21,6
Sandwich m rökt kalkon keso soltorkad tomat sallad;782;180;10,3;5,3;21,2
Smörgås typ sandwich salami keso sallad;783;164;9,1;6,4;16,2
Tunnbrödsrulle m pastrami potatis sallad majonnäs;784;159;5,4;7,8;15,6
Wrap vetetortilla m spenat ris köttfärs ost;785;142;7,9;3,3;19,3
Wrap vetetortilla m kycklingfajitas gräddfil sallad;786;136;5,7;7,1;11,1
Enchilada vetetortilla m köttfärs nachos ost sallad;787;170;6,7;10,2;11,7
Pitabröd m falafel sallad sesam pepperoni;788;150;5,2;5,7;17,3
Ost- o skinkpaj m mellanmjölk matlagningsgrädde hemlagad;789;286;11,4;19,8;15
Pajfyllning förrätt;790;150;10,1;9,9;5,1
Wrap vetetortilla m fetaost oliver sallad vitlöksdressing;792;175;5,1;7,5;20,1
Matmuffins grov fullkorn m getost fårost broccoli spenat soltorkade tomater;793;292;9,5;16;26
Pizzapålägg skinka tomat hårdost;795;110;9;7;2,4
Ost- och skinkpaj;796;262;12,1;17;15
Smörgåstårta landgång leverpastej Keso skinka ägg räkor;797;225;11,5;12;17,2
Pizza m skaldjur skinka fryst;800;238;10,1;10,4;25,1
Rismjöl vitt;810;347;6;1,4;75,3
Risdiet flingor;811;371;7;1,1;80,9
Ris kinesiskt asiatiskt kokt u salt restaurang;814;144;2,7;1,2;30,1
Vildris fullkorn okokt;817;360;14,7;1,1;68,7
Ris vildris kokt;818;102;4;0,3;19,5
Glasnudlar;819;350;0,2;0,1;85,6
Risotto fullkorn vegetarisk m råris sesamfrön;821;140;3,9;4,2;20,1
Risotto fullkorn vegetarisk m råris cashewnötter;822;141;3,9;5,4;17,9
Vinbladsdolma m ris konserv;824;162;2,5;11,3;11,5
Bovete hela el krossade korn;825;339;11,1;2;65,3
Durra o andra sorghumarter fullkorn;826;364;11;3,3;69,8
Hirs fullkorn hela el krossade korn ;827;352;10,5;2,9;68,4
Mannagryn;828;351;10,1;1,3;72,1
Bulgur;829;353;12,3;1,3;68,2
Couscous;831;361;12,8;0,6;72,4
Couscous tillagad;832;108;3,8;0,2;21,8
Korngryn kokta hemlagade;833;70;1,6;0,5;13,4
Hirs fullkorn kokt;834;117;3,5;1;22,7
Majsgryn polenta kokt;835;75;1,7;0,3;15,6
Apelsinris;836;155;1,4;9,9;14,5
Ris à la Malta;838;232;3,5;9,7;32
Risgrynskaka el risgrynspudding;839;110;4,3;3,7;14,4
Risifrutti 6% fett;840;154;2,8;6,4;20,8
Risifrutti light fett 1,5% ;841;103;2,1;1,5;19,9
Paella;842;106;8,4;4,2;8,2
Risotto falukorv el tonfisk;843;200;9,7;9,2;19,1
Nudelsoppa risnudlar curry sesamolja;844;52;0,7;0,7;10,3
Pasta;845;360;12,5;1,2;71,9
Pasta kokt u salt;846;128;4,2;0,5;25,8
Pasta berik;849;356;11;1,5;71,8
Pasta berik kokt u salt;850;128;4;0,5;25,9
Pasta färsk m ägg;852;132;5,3;1,6;22,8
Stuvade makaroner;853;116;5;2,8;17,1
Makaronipudding m skinka falukorv äggstanning;856;140;8,3;6,3;12,1
Pastasallad kött korv m vinägrettsås;857;200;9,8;12,6;11,5
Köttfärssås o spaghetti;858;123;6,4;3;16,6
Lasagne;860;117;5,3;4,1;14,4
Ravioli m sås fryst el konserv;861;107;3,8;3,5;14,7
Tortellini m köttfyllning;862;157;5,6;4,3;22,2
Pasta m tonfisk;865;145;6;4,5;19,3
Lasagne vegetarisk;866;113;5,9;4;12,7
Makaronilåda vegetarisk;867;117;6,2;3,9;13,5
Lasagne portionsbit typ Billys;869;124;5,3;5,1;13,2
Pasta Äggnudlar;870;377;14;4,2;68,2
Tortellini ravioli m ostfyllning ospec.;872;186;7,2;5,3;25,7
Nudelsoppa olika smaker kryddad;873;81;1,9;3,5;9,4
Bondbönor torkade;874;318;25;1,7;41,9
Bruna bönor torkade;875;317;22;1,5;45,1
Röda bönor torkade;877;324;22;1,5;48
Röda bönor torkade kokta u salt;878;108;7,8;0,5;14,5
Vita bönor torkade;879;319;22;1,6;45,7
Vita bönor torkade kokta u salt;880;108;7,8;0,6;14,2
Kikärter torkade;881;352;20,5;4,8;51
Mungbönor torkade kokta u salt;883;97;7;0,4;13,7
Linser torkade;884;325;24;1;48,5
Linser torkade kokta u salt;885;105;7,8;0,3;15,6
Mungbönor torkade;886;320;24;1,3;44,5
Sojabönor torkade;887;398;34;17,7;18,3
Sojabönor torkade kokta u salt;888;128;11;5,7;5,8
Vignabönor svartögda bönor torkade;889;336;23;1,5;52,1
Vignabönor svartögda bönor torkade kokta u salt;890;69;5,1;0,3;9,1
Gröna el gula ärter torkade;891;317;21,5;1;49,2
Bruna bönor kokta;892;137;8;0,5;21,7
Gula ärter kokta m salt;896;137;9,3;0,4;21,4
Ärtsoppa m fläsk hemlagad;897;85;6,4;2,1;8,9
Chili con carne;898;109;7,8;5,3;5,6
Ärtsoppa m fläsk pulver tillagad;899;53;3,4;0,6;7,3
Ärtsoppa m fläsk konserv tillagad m vatten;900;85;6,1;2,3;7,1
Vita bönor i tomatsås konserv;901;97;5,1;1,2;13,9
Vita bönor i tomatsås;902;78;5,8;0,6;7,9
Linssoppa;903;43;2,5;0,7;5,8
Ärtsoppa vegetarisk;904;64;4,3;0,3;9,8
Tofu sojabönsost;905;74;7,8;4,2;0
Sojamjöl fett ca 20% ;906;446;37;23,5;16
Sojadryck;907;60;2,5;1,5;9,1
Miso fermenterad sojabönspasta;908;173;10,5;4,6;21
Sojasås;909;57;7,5;0;6,6
Sojasås söt;910;193;4,3;2,1;38,5
Sojakorv konserv 15% fett;911;199;12;15;3,5
Sojaglass vegetarisk u laktos fett 11% Tofuline;912;216;2,3;11;27
Sojabiff stekt;915;144;7,2;7,2;10,9
Sojakorv konserv stekt;916;210;12,6;15,8;3,7
Kikärtsbiffar falafel friterade;919;171;7,5;7,2;13,8
Lamm bog rå;920;134;20,1;5,9;0
Lamm kotlett rå;921;232;19;17,3;0
Lamm lägg rå;922;137;24,5;4,2;0
Lamm rygg lamm hals rå ;923;177;17,6;11,9;0
Lamm stek rå;924;112;20,9;2,6;0
Lamm färs fett 20 % rå;925;247;17,4;19,7;0
Lamm tunnbringa rå;926;184;17,8;12,6;0
Lamm kotlett fett bortskuret rå;927;103;20;2,5;0
Hare kött hare rå;928;115;21,5;3,1;0
Hjort bog dovhjort rå;930;105;22,5;1,6;0
Hjort stek dovhjort rå;931;101;22;1;0
Hjort ryggbiff rå;932;102;22,6;1,2;0
Häst kött rå;933;166;19;10;0
Kalv bog rå;934;106;19,9;2,8;0
Kalv bringa rå;935;186;18,1;12,7;0
Kalv filé rå;936;105;20;2,7;0
Kalv fransyska rå;937;108;19,9;3,1;0
Kalv innanlår rå;938;107;21;2,5;0
Kalv kotlett rå;939;122;20,5;4,4;0
Kalv lägg rå;940;98;20;1,9;0
Kalv ytterlår rå;941;117;21,2;3,5;0
Kalv tunnbringa rå;942;173;18,7;11;0
Kalv högrev rå;943;135;19,2;6,4;0
Kanin kött rå;944;125;22;4;0
Nöt biff m ben clubstek rå;945;162;19,7;9,3;0
Nöt biff ryggbiff rå;946;123;21,8;3,9;0
Nöt oxbringa;947;205;17,6;15,1;0
Nöt oxbringa rimmad rå;948;205;17,6;15,1;0
Nöt oxfilé rå;949;124;21,7;4,1;0
Nöt fransyska rå;950;116;20,8;3,5;0
Nöt färs fett 10 % rå;951;182;20,1;11,3;0
Nöt högrev rå;953;144;20,6;6,9;0
Nöt innanlår rå;954;114;23,8;1,6;0
Nöt lägg rå;955;108;20,5;2,8;0
Nöt bog märgpipa rå;956;118;21;3,7;0
Nöt rostbiff rå;957;125;22,7;3,2;0
Nöt rulle rimmad rå;958;103;21,5;1,8;0
Nöt ytterlår rå;959;111;21,3;2,8;0
Nöt entrecôte rå;960;141;21,7;6,1;0
Nöt grytbitar rå;961;144;20,6;6,9;0
Nöt kött hackebiff rå fryst;962;159;20;8,8;0
Nöt färs köttfärs fett 15% rå;963;205;19,4;15;0
Nöt högrev fett bortskuret rå;964;149;19,5;7,9;0
Ren stek rå;965;108;22,6;1,8;0
Ren bog rå;966;109;23,3;1,6;0
Ren skav fryst rå;967;123;20,3;4,9;0
Rådjur kött rå;968;106;24;1,3;0
Gris bog rå;969;137;18,5;7;0
Gris fläskfilé rå;970;107;20,6;2,6;0
Gris fläsk kotlett fettkant 5 mm rå;971;185;19,4;12;0
Gris revbensspjäll rå;972;193;17,7;13,7;0
Gris fötter rå;973;207;23,5;12,6;0
Gris skinka julskinka rimmad fett ca 3% rå;974;108;20,1;3;0
Gris fläskben rå;975;193;17,7;13,7;0
Gris picnicbog rå ;976;121;19,5;4,7;0
Gris grytbitar rå;977;164;19,3;9,7;0
Gris fläskkarré rå;978;171;17,8;11,2;0
Gris fläsk färs fett 20% rå;980;242;16;20;0
Gris bogbladsstek rå;981;137;18,5;7;0
Gris fläsk kotlett fett bortskuret rå;982;103;21,6;1,7;0
Gris fläsk kotlett fettkant 2 mm rå;983;134;20;6;0
Gris fläsklägg u svål putsad rå;984;126;19,7;5,2;0
Gris fläsk sida m svål i bit rå;985;268;17,2;22,4;0
Gris stekfläsk sida m svål skivor rå;986;253;17,1;20,7;0
Gris flintastek m svål rå;987;191;18,8;13;0
Gris skinka innanlår rå;988;100;20,8;1,8;0
Gris skinka fransyska rå;989;101;19,8;2,3;0
Gris skinka ytterlår rå;990;123;19,7;4,9;0
Gris sidfläsk el stekfläsk rimmat i skivor rå;991;353;11,6;34,6;0
Gris fläsk färs fett 8% rå;992;144;18;8;0
Älg skav fryst rå;995;123;19,8;4,8;0
Nöt oxsvans fett bortskuret rå;996;171;20;10,1;0
Gris svål rå;997;277;23,5;20,5;0
Häst kött hamburgerkött rökt;998;100;21;1,7;0
Nöt saltkött rimmat kokt;999;110;22,5;2,1;0
Nöt kött rökt ;1000;106;20;2,8;0
Ren kött varmrökt rå;1001;123;23,1;3,2;0,1
Ren kött torkat;1002;318;40;17,6;0
Gris bacon;1003;345;13,4;32,8;0
Fläskbog gris konserv gelé 6-8% ;1005;116;16,6;5,4;0,2
Gris kassler kotlettrad rökt;1006;106;20,7;2,2;0,5
Skinka gris konserv gelé 8-11% ;1007;101;18,3;3;0
Gris skinka italiensk lufttorkad;1008;245;31,9;12,4;1,5
Gris skinka fett 6% rökt;1009;138;21;6;0
Gris skinka fett 3% rökt;1010;116;22,1;3;0
Gris sidfläsk rökt;1011;394;15,4;37,5;0
Corned beef konserv;1012;218;27;12,1;0,4
Nöt flankstek rå;1013;135;22;5,1;0
Nöt biff ryggbiff stekt;1014;148;26,4;4,7;0
Gris skinka julskinka fett ca 4,5%  rimmad kokt;1015;130;22;4,5;0,1
Gris kassler kotletterad rökt stekt el värmd;1016;109;21,5;2,3;0,5
Nöt entrecôte stekt;1017;170;26;7,3;0
Gris bog stekt ;1018;137;20,4;6,2;0
Gris fläskött kokt;1019;191;25,8;9,8;0
Gris sidfläsk rimmat stekt;1020;358;16,7;32,8;0
Gris fläsk ben m kött kokt;1022;259;23,8;18,4;0
Gris fläsk filé skivor stekt;1023;134;25,9;3,3;0
Gris fläsk karré skivor stekt;1024;233;24,2;15,2;0
Gris fläsk kotlett stekt;1025;222;23,3;14,4;0
Gris fläsk lägg u svål kokt;1027;175;27,4;7,2;0
Gris fläsk kött grillat;1028;228;23;15,2;0
Kokt fläskrulad /rullsylta;1029;255;15,5;21,2;0,9
Gris fötter kokta;1030;272;30,8;16,5;0
Hare stek stekt;1031;135;25,2;3,6;0
Kalv filé stekt;1032;132;25,1;3,4;0
Kalv kotlett stekt;1033;142;23,8;5,1;0
Kalv kött kokt;1034;161;22;8,1;0
Kalv stek stekt;1035;126;24,6;2,9;0
Lamm kotlett stekt;1036;272;22,3;20,3;0
Lamm stek stekt;1037;128;24;3;0
Nöt högrev kokt;1038;181;26;8,7;0
Nöt stek el grytstek kokt;1039;141;25,3;4,3;0
Nöt oxbringa rimmad kokt;1042;280;24;20,6;0
Oxrulad nöt stekt;1043;206;29,4;9;0,8
Nöt rostbiff ugnsstekt;1044;138;25,2;3,6;0
Gris revbensspjäll ugnsstekt grillat;1045;248;22,8;17,5;0,2
Rådjur kött ugnsstekt;1047;129;29,1;1,5;0
Ren kött kokt;1048;156;33,4;2,3;0
Ren kött ugnsstekt;1049;121;25,2;2;0
Älg stek ugnsstekt el grillad;1050;123;26,8;1,6;0
Gris fläsk karré stekt u steksky;1055;233;19,6;17,3;0
Gris skinkstek stekt u steksky fryst;1056;164;26,5;6,4;0
Nöt stek fryst stekt u steksky ;1057;135;25,5;3,6;0
Nöt rostbiff tillagad u salt ugnsrostad;1058;124;24;3;0
Gris revbensspjäll grillat ugnsstekt;1059;265;26,5;17,8;0
Dillkött m nötkött m purjolök morötter o sås hemlagad;1060;115;8,2;6,8;4,9
Kalops nötkött lök morötter sås hemlagad;1061;100;9,6;4,6;4,6
Biff Stroganoff nötkött;1062;155;15,4;8,8;3,3
Rimmat sidfläsk el stekfläsk gris m löksås;1063;130;5,2;9,1;6,8
Rimmat sidfläsk gris panerat stekt;1064;410;12,7;37,1;7,4
Fläskkotlett gris panerad stekt;1065;245;19;15,7;7,1
Wienerschnitzel m griskött;1066;183;16,6;9,2;8,3
Fläskköttgryta  m grönsaksblandning utan fett;1067;121;13,7;4,7;5,3
Gulasch nötkött;1068;99;9,5;5;3,6
Hargryta;1069;111;15,1;3,9;3,1
Kalvköttgryta lök tomat morötter rotselleri ;1070;95;8,4;5,5;2,4
Kalvläggsgryta typ Osso buco;1072;81;10,3;3;2,4
Köttsoppa nötkött;1073;46;5,9;1,8;1,4
Lammfrikassé;1074;171;14,1;12;1,9
Lammköttgryta lök tomat;1075;155;13,8;8,9;4,3
Lammköttgryta lök kålrot i lergryta;1076;100;13,6;3,9;2,1
Nötköttgryta lök purjolök morötter;1077;88;8;4,2;4
Pepparrotskött nötkött lök morötter sås;1078;107;13,9;4,5;2,7
Nötköttgryta lök tomat morötter rotselleri i lergryta;1079;80;10,5;2,6;3,1
Renskav stekt m vispgrädde;1080;276;19,8;21,9;1,4
Renskavsgryta;1081;153;13,9;10;2,1
Skinksås gris mjölk;1082;113;9,1;5,6;6,4
Kalops;1083;120;14,2;6,1;2,3
Fläskköttgryta gris grönsaker;1085;96;6,8;5,2;4,7
Biff Stroganoff nötkött fryst;1087;108;11,9;4,4;4,8
Dillkött nötkött m sås fryst;1088;101;11;5;2,7
Kinesisk rätt friterat fläskkött m grönsaker ;1089;185;6,8;9,5;18
Chop Suey fläskfilé gris restaurang;1090;96;7,3;5,7;3,1
Nasi Goreng griskött restaurang;1091;176;7,9;7,2;18,8
Kalvfrikassé fryst;1094;126;14,8;6,2;2,5
Kalops nötkött fryst sås;1095;123;14,2;6;2,8
Köttsoppa nötkött konserv tillagad m vatten;1096;16;1,5;0,4;1
Biff m grönsaker o sås nötkött kinesisk rätt;1097;117;7,1;7,2;5,5
Kyckling kycklingburgare ca 7% fett fryst rå;1099;168;15;7;11
Kycklingköttbullar fett 12% stekta frysta;1100;224;16;12;13
Nöt hamburgare fryst rå;1101;221;14,7;17,3;2
Köttbullar råa frysta;1102;213;13,4;14,9;6,5
Pannbiff rå fryst;1103;204;13,2;14,4;5,6
Biff à la Lindström stekt hemlagad;1105;148;12,3;8,1;6,1
Köttbullar stekta hemlagade;1106;177;15,8;10;5,8
Köttfärslimpa ugnsstekt hemlagad;1107;142;14;7,7;4
Köttfärssås hemlagad i gjutjärnsstekpanna;1108;100;8,3;5,1;4,7
Pannbiff gris stekt;1109;196;14,3;12,5;6,4
Nöt hamburgare fett ca 9% stekt;1110;218;24,1;13,6;0
Hamburgare fett ca 17% stekt;1111;222;19;17,2;0
Köttfärsjärpar blandfärs 70/30 stekta ;1112;205;16,7;13,4;5,3
Kalvfrikadeller;1113;165;14,2;10,2;4,2
Kalvfärsbiffar;1114;221;15,5;17,2;1,6
Köttfärssås på nötfärs;1115;104;8,6;5,7;3,9
Köttfärssoppa;1116;60;5,4;3,6;1,4
Köttfärsgulasch m gräddfil;1117;136;8,5;9,5;4,5
Köttfärsgulasch u gräddfil;1118;133;9;9;4,5
Köttbullar nötfärs stekta;1119;186;17,5;10,4;5,4
Köttbullar grisfärs stekta;1120;185;13,5;11,8;6,4
Köttfärssås grisfärs;1121;134;8,4;9,5;3,5
Köttbullsgryta m lök äpple banan;1122;143;5,9;8,3;10,5
Köttfärssås till moussaka;1123;129;10,1;8,4;2,9
Köttfärsröra till tacobröd;1124;214;15,1;16,1;3,3
Lammfärsbiffar stekta;1125;246;15,9;17,3;6,3
Köttfärslimpa grisfärs;1126;184;13,4;11,7;6,1
Köttfärslimpa blandfärs;1127;193;15,3;12,2;6,2
Pannbiff nötfärs stekt;1128;189;17,2;10,2;7
Pannbiff blandfärs stekt;1129;229;15,4;16,8;5,1
Parisersmörgås u stekt ägg;1130;204;12,7;10,1;15
Älgfärsbiffar stekta;1131;137;20,5;2,9;6,8
Köttfärssås älgfärs;1132;83;9,7;3;3,6
Taco m köttfärsfyllning m.m.;1135;220;8,2;12,8;17,6
Biff à la Lindström stekt fryst;1136;193;12,8;12,7;5,8
Biff m bambuskott restaurang;1137;97;8,2;5,8;2,4
Nöt hamburgare fryst stekt ;1138;280;16,1;22,5;3,8
Kålpudding vitkål o köttfärs;1142;96;6,6;5;5,7
Köttbullar fett ca 15% stekta frysta;1143;215;13;14,9;7,4
Köttfärslimpa stekt fryst;1144;211;13,3;13,5;9,1
Köttfärssås fryst el konserv;1145;101;6,1;5,8;5,7
Kåldolmar stekta frysta u sås;1146;99;6;5,9;4,6
Kåldolmar stekta frysta m sås värmda;1147;93;4,8;5,1;6,4
Köttbullar stekta frysta m sås;1148;145;8;10;5,9
Pannbiff stekt fryst;1149;213;14;14,1;7,6
Anka ankbröst rå;1151;119;19,9;4,3;0
Anka m skinn rå;1153;396;11,5;39,5;0
Duva rå;1154;137;17,5;7,5;0
Duva m skinn rå;1155;287;18,5;24;0
Fasan rå;1156;127;23,5;3,6;0
Fasan m skinn rå;1157;174;22,5;9,3;0
Gås rå;1158;156;23;7,1;0
Gås m skinn rå;1159;362;15,9;33,6;0
Höna rå;1160;141;21;6,3;0
Höna m skinn rå;1161;262;18,7;21;0
Kalkon filé rå;1162;106;24,1;0,9;0
Kalkon m skinn rå;1163;126;21;4,6;0
Kyckling rå;1164;115;21,5;3,1;0
Kyckling kött m skinn rå;1165;170;18;11;0
Kyckling bröst m skinn rå;1166;148;21,5;6,9;0
Kyckling lår m skinn rå;1167;196;18,9;13,5;0
Kyckling vinge m skinn rå;1168;186;19,2;12,2;0
Ripa rå;1169;113;23,5;2;0
Kyckling bröstfilé u skinn ugnsstekt;1170;134;27,5;2,5;0
Kyckling ben m skinn rå;1171;198;19,3;13,5;0
Kyckling bröstfilé u skinn strimlor wokad i rapsolja;1172;164;29,4;5;0
Kyckling bröstfilé u skinn rå;1173;105;23,1;1,2;0
Kyckling lår u skinn rå;1174;114;19,6;3,9;0
Kycklingdelar kött m skinn marinerade;1175;175;17;12;0
Struts filé rå;1176;109;23;1,7;0
Struts filé stekt;1177;170;30;5,1;0,6
Kalkon kokt;1178;139;22;5,6;0
Duva m skinn stekt ;1180;447;28,8;37,3;0
Kyckling kokt;1181;167;31,3;4,5;0
Kyckling m skinn grillad;1182;239;25,2;15,4;0
Fasan stekt;1183;242;31,3;13;0
Gås stekt;1184;490;20,6;43,4;5,3
Höna kokt;1185;168;25;7,5;0
Kalkon m skinn stekt;1186;146;24,3;5,3;0
Kyckling bröst m skinn stekt;1188;208;30,1;9,7;0
Ripa stekt med salt;1189;136;28,2;2,4;0
Kyckling höns kokt grillat stekt ospecificerat;1190;200;28,1;9,7;0
Kalkon rökt;1191;133;24;4;0
Friterad kyckling;1193;310;22,5;21,9;5,8
Kalkongryta m grönsaker;1195;115;15;4,9;2,5
Kycklingfrikassé;1196;112;17,1;3,4;2,8
Kycklinggryta m lök tomat champinjoner;1197;105;9,6;6;2,8
Ostsufflé;1198;209;13,8;14,3;6,6
Bondomelett;1199;103;8,8;3,8;7,6
Braxen rå;1200;103;16,7;4;0
Regnbågslax rå;1201;161;18,6;9,6;0
Sej rå;1202;82;19,1;0,5;0
Hälleflundra rå;1203;118;18,7;4,8;0
Kyckling m grönsaker sås mandel kinesisk rätt;1204;183;14;12,7;3
Kycklinggryta m lök tomat champinjoner paprika i lergryta;1205;102;9,2;5,9;2,7
Kycklingsoppa klar;1206;40;5,8;0,8;1,8
Kyckling friterad Chicken McNuggets;1207;221;16,8;10,4;14,2
Kycklingsoppa redd pulver tillagad m vatten mjölk;1208;51;1,9;2,4;5,1
Kycklingsoppa redd pulver tillagad m vatten typ Varma koppen;1209;40;0,6;1,3;5,8
Kalvbuljong konc storhushåll;1210;222;18,8;8;18,5
Kalvbuljong konc låg salt storhushåll;1211;292;25;5,5;35
Köttbuljong konc storhushåll;1212;201;15,3;5;23,4
Köttbuljong konc låg salt storhushåll;1213;239;10;4,5;39
Skinkbuljong konc storhushåll;1214;249;19,5;13;13,5
Hönsbuljong konc låg salt storhushåll;1215;320;14;15;32
Hönsbuljong konc storhushåll;1216;238;14,7;12,7;16,2
Köttbuljong pulver tärning;1217;128;20;3;5
Köttbuljong konserv ätf;1218;7;1,2;0,2;0
Gelatinblad gelatinpulver;1219;350;86;0,1;0
Dopp i grytan;1221;96;3,2;0,9;17,7
Köttbuljong tärning ätf;1222;1;0,2;0;0,1
Köttbuljong ätf;1223;8;0,4;0,2;1,2
Hönsbuljong ätf;1224;5;0,3;0,3;0,2
Ägg konventionellt rått;1225;137;12,3;9,7;0,4
Äggula konventionellt;1226;319;15,6;28,6;0,6
Äggvita;1227;41;10,1;0;0
Äggstanning hemlagad;1228;114;7,2;7,2;5,1
Fransk omelett kaffegrädde;1229;213;10;18,9;1,3
Fransk omelett vatten;1230;144;9,4;11,9;0,3
Sufflé u fyllning gräddad;1231;136;7,1;8,4;8
Äggakaka;1232;133;7,2;7;10,3
Ägg konventionellt stekt;1233;194;12,3;16,2;0,4
Äggröra m mjöl;1234;124;7,6;8,1;5,2
Skinklåda;1235;102;7,5;3,8;9
Torsksufflé;1236;121;12,4;5,7;5,1
Kolja rå;1237;80;18,4;0,6;0
Kummel rå;1238;71;16,5;0,4;0
Lax rå;1239;181;18,4;12;0
Siklöja rå;1240;135;19;6,5;0
Sill rå;1241;148;16,7;9;0
Flundra rå;1242;94;18,3;2,2;0
Strömming rå;1243;108;18;4;0
Röding rå;1244;152;19,9;7,9;0
Tonfisk rå;1245;138;23,3;4,9;0
Torsk rå;1246;78;18,2;0,5;0
Vitling rå;1247;80;18,3;0,6;0
Ål rå;1248;351;14,6;33;0
Öring rå;1249;110;20;3,3;0
Pinklax rå;1250;103;21,4;2;0
Piggvar rå;1251;83;16,7;1,7;0
Sik urtagen varmrökt;1252;133;21,8;5;0
Abborre rå;1253;86;19,8;0,6;0
Lax odlad norsk fjordlax rå;1255;215;19,1;15,6;0
Öring svensk älvöring rå;1256;115;22;2,9;0
Lake rå;1257;71;16,5;0,5;0
Rödspätta rå;1258;91;21,1;0,6;0
Sik rå;1259;91;20,9;0,6;0
Makrill rå;1260;215;20,1;15,1;0
Regnbågslax odlad rå;1261;178;22,1;10;0
Gädda rå;1262;84;20,3;0,2;0
Gös rå;1263;84;20,2;0,2;0
Ansjovis skarpsill inlagd;1265;215;12,5;13,1;11,8
Böckling varmrökt;1266;199;21,2;12,8;0
Torkad fisk;1267;333;79;1,4;0
Lax konserv;1268;156;20,5;8,2;0
Lax sida kallrökt;1269;210;22,6;13,4;0
Sardeller konserv;1270;170;19,2;10,3;0,3
Sardiner i olja konserv;1271;284;24;21,1;0
Sardiner i tomatsås konserv;1272;217;20,5;14,8;0,6
Sill salt rå;1273;245;19;19;0
Strömming salt rå;1274;162;23,5;7,5;0
Tonfisk i olja konserv avrunnen;1275;189;24,9;9,9;0
Ål rund- o varmrökt;1277;347;19,1;30,5;0
Tonfisk i vatten konserv avrunnen;1278;106;24,1;1;0
Makrill urtagen varmrökt;1279;296;19,4;24,5;0
Lutfisk fryst rå;1280;28;6,3;0,3;0
Sill matjessill konserv;1281;314;16;22,6;12,1
Marulk rå;1282;65;15,8;0,1;0
Makrill konserv;1283;324;18,9;28;0
Sill salt urvattnad konserv;1284;209;16,5;16;0
Lax gravad;1285;179;21,2;9,2;2,7
Lax rimmad;1286;148;18,8;8,1;0
Böckling rospigg filé dubbel varmrökt;1287;261;19;20,8;0
Lax urtagen varmrökt;1288;169;22,6;8,7;0
Makrillfilé varmrökt;1289;327;20,1;27,7;0
Regnbågslax sida kallrökt;1290;190;20,4;12,1;0
Regnbågslax urtagen varmrökt;1291;157;21,9;7,7;0
Röding urtagen varmrökt;1292;163;21,4;8,6;0
Ål flat- o varmrökt;1293;428;17,8;40,2;0
Fiskpinnar stekta;1294;223;11,7;12,1;16,8
Makrillfilé konserv i tomatsås;1296;186;11,7;13,9;3,9
Surströmming;1297;82;11,8;3,9;0
Lutfisk kokt;1298;28;5,9;0,5;0
Salt sill panerad stekt hemlagad;1299;289;14,1;24,2;4
Strömmingsflundra panerad stekt hemlagad;1300;249;15,2;19,2;4,1
Torskfilé panerad stekt hemlagad;1301;143;17,6;6;4,5
Ål inkokt hemlagad;1302;383;15,8;36;0
Ål ugnsstekt hemlagad;1303;436;16,1;40,5;3
Abborre kokt;1304;102;23,6;0,7;0
Abborrfilé panerad stekt;1305;138;18,4;5,3;3,9
Friterad fisk;1306;149;14,9;5,4;9,9
Regnbågslax inkokt;1308;165;19,1;9,8;0
Regnbågslax panerad stekt;1309;215;19,8;14,1;2,5
Gädda kokt;1310;89;21,3;0,2;0
Gädda panerad stekt;1311;171;22,6;6,4;5,4
Hälleflundra kokt;1312;133;21;5,4;0
Hälleflundra panerad stekt;1313;177;18,5;9,5;4,2
Kolja kokt;1314;93;21,3;0,7;0
Kolja panerad stekt;1315;144;17,1;5,8;5,6
Lax stekt;1316;225;22,8;14,9;0
Lax kokt;1317;240;24,4;15,9;0
Makrill kokt;1318;227;21,2;16;0
Makrill panerad stekt;1319;261;19,2;18,4;5
Makrill opanerad stekt;1320;237;22;16,6;0
Piggvar kokt;1321;89;17,9;1,8;0
Rödspättafilé kokt;1322;102;23,6;0,7;0
Rödspättafilé panerad stekt;1323;158;20,3;5,7;6,2
Rödspättafilé opanerad stekt;1324;94;21,9;0,6;0
Sik kokt;1325;106;24,5;0,7;0
Sik panerad stekt;1326;151;19,8;5,8;4,6
Sill salt kokt;1327;264;20,9;20,3;0
Sill panerad stekt;1328;199;16,2;13;4,1
Strömming kokt;1329;134;22,3;5;0
Strömming panerad stekt;1330;159;17,7;8,2;3,3
Ättikströmming;1331;158;8,5;10,6;7,3
Kräftströmming;1332;78;11,9;2,7;0,9
Strömming opanerad stekt;1333;119;19,7;4,4;0
Tonfisk stekt;1334;176;29,7;6,2;0
Torskfilé kokt;1335;87;20,3;0,6;0
Torsk panerad stekt;1336;137;17,2;5,5;4,6
Torsk opanerad stekt;1337;84;19,4;0,5;0
Vitling kokt;1338;98;22,5;0,7;0
Vitlingfilé panerad stekt;1339;139;17,2;5,7;4,5
Fisk varmrökt;1340;231;21,1;16,5;0
Fiskbullar frysta;1344;78;7,8;2,4;6,2
Fiskbullar m hummersås konserv tillagad;1345;88;4,8;4,4;7,4
Laxpastej lättrökt;1346;355;12;30;10
Böcklingpastej;1347;364;13;31;9
Fiskpudding m ris hemlagad;1348;114;11,4;5,6;4,5
Fiskgratäng u potatismos hemlagad;1349;114;11,4;5,6;4,5
Böcklinglåda m äggstanning;1350;158;15,3;9,8;2,1
Fiskbullar panerade stekta;1351;155;5,7;9,2;12,4
Fiskbullar i buljong konserv stuvade m mjölk;1352;100;4,7;5,4;8,2
Fisksoppa;1354;45;6;1,1;2,4
Fiskpaté m skaldjur;1356;153;14,9;9,1;2,8
Fiskfärs kokt;1357;180;18,5;10;4,1
Fiskgratäng m dillsås potatismos;1358;96;8,6;2,9;8,4
Fiskgratäng m skaldjurssås o potatismos;1359;102;9,5;2,5;9,8
Laxmousse;1360;270;17,2;22,2;1
Sillbullar;1361;157;7,8;8,3;12,1
Sillsallad;1362;91;4,3;3,4;9,9
Sushi lax;1363;144;8,5;4,8;16,3
Sushi hälleflundra;1364;120;8;1,8;17,4
Sushi tonfisk;1365;126;8;1,5;19,4
Sushi rulle crabfish och gurka;1366;104;3,7;0,3;21,2
Tonfisksallad u dressing;1367;63;7,2;0,4;6,7
Sushi olika sorter;1368;124;7;2,1;18,6
Fiskgryta m purjolök morötter fänkål ärter;1370;97;12,7;3,7;2,6
Fisk m mandel o ströbröd fryst;1371;177;14;11;5,3
Fiskgratäng m potatismos o dillsås fryst tillagad;1372;141;7,4;7,4;11,3
Laxpaté;1373;221;13,1;18,1;0,9
Fiskgratäng m potatismos o räksås fryst tillagad;1374;133;7,1;6,8;10,6
Sushi blandning 7 bitar;1375;159;6,1;1,7;29
Torskrom sillrom m.fl. rå;1376;120;24,5;2,3;0
Kaviar orökt;1377;187;15,3;3,3;23,6
Kaviar typ Kalles;1378;393;9;33;16
Lättkaviar Kalles;1379;270;9;15,8;23
Stenbitskaviar;1381;118;14;5,5;3
Löjrom saltad;1382;126;24,5;2,3;1,5
Bläckfisk rå;1384;75;16,4;0,9;0
Blåmusslor kokta m lag avrunna;1385;113;18,5;3,3;2,3
Ostron;1386;56;9,5;2;0
Sniglar vinbergssnäckor;1387;87;16,1;1,4;2,2
Grodlår råa frysta;1388;69;16,4;0,3;0
Musslor konserv m lag;1389;51;7,9;0,7;3,1
Musslor konserv u lag;1390;96;15,8;2,5;2,3
Ostron konserv m lag;1391;58;9,5;2,2;0
Krabba blå rå;1392;83;18;1,1;0
Hummer rå;1393;86;16,9;1,9;0
Kräftor;1394;69;15,6;0,8;0,2
Räkor;1395;77;17,6;0,6;0
Hummer konserv el kokt;1396;90;18,7;1,5;0,1
Krabba kokt;1397;87;17,3;1,9;0
Krabba konserv;1398;98;17,4;2,5;1,3
Räkor konserv m lag;1399;77;16,2;0,8;1
Räkor konserv u lag;1400;109;24;1,1;0,3
Räkor kokta;1401;107;24;1,1;0
Kräfta konserv el kokt;1402;94;18;1,9;1,1
Havskräftor;1403;106;24;0,9;0
Friterade räkor;1404;287;10,6;14,8;27,8
Friterade räkor restaurang;1406;387;6,9;29,1;24,7
Friterad bläckfisk;1407;292;18,6;17,4;15,2
Friterad bläckfisk restaurang;1408;280;11,3;17,8;19,1
Hummersås;1409;129;8;9,5;3,1
Räksallad majonnäs vispgrädde sparris ärter champinjoner;1410;159;8;12,7;2,9
Räkstuvning;1411;102;7,5;5,8;5
Räksoppa;1412;61;6,5;2,7;2,5
Skaldjurssallad västkust m vinägrettsås;1413;87;8,9;4,4;2,4
Skaldjurssallad västkust u dressing;1414;56;9,5;0,9;1,9
Fiskpastej;1415;360;12,6;30,6;9,4
Medelhavssallad skaldjur tonfisk majonnäsdressing sallad;1416;126;7,4;9,5;2,5
Skaldjurspaté;1417;151;11,7;10,2;2,3
Räk- hummersoppa pulver tillagad m vatten mjölk;1418;51;2,1;2,1;5,8
Fiskbuljong konc storhushåll;1419;216;25;4,9;17,5
Fiskbuljong konc låg salt storhushåll ;1420;267;35;3,5;23
Fisksås pulver tillagad m mjölk vatten smör typ Smögen;1421;112;2,7;7,6;8,2
Fiskbuljong ätf;1422;4;0,3;0,2;0,3
Gris blod rå;1423;73;16,6;0,4;0,4
Nöt blod rå;1424;70;16,4;0,4;0
Blodbröd fullkorn hårt;1425;366;17,7;1,9;65,5
Blodpudding blodkorv fett 19%;1426;301;10,6;19;21
Blodpalt;1427;170;8,6;4,2;21,9
Blodpudding blodkorv fett 14%;1428;254;11;14;20
Blodbröd paltbröd;1429;287;14,4;2,8;47,8
Blodpudding blodkorv fett ca 10%;1430;203;12;9;17,3
Blodpudding blodkorv fett 13% stekt;1431;276;12;15,2;21,7
Blodpudding blodkorv fett 8% stekt;1432;220;13;9,8;18,8
Paltbröd kokt;1433;64;3,2;0,6;10,7
Lamm bräss rå;1434;131;15,3;7,8;0
Lamm hjärta rå;1435;119;17,1;5,6;0
Lamm lever rå;1436;149;22;5,3;3,2
Lamm njure rå;1437;96;16,2;3,4;0
Lamm tunga rå;1438;191;15,3;14,6;0
Kalv bräss rå;1439;96;16,9;3,1;0
Kalv lever rå;1441;119;19,4;3,3;2,8
Kalv njure rå;1442;116;15,3;5,8;0,7
Kalv tunga rå;1443;153;16,2;9,8;0
Hjärta kalv nöt;1444;138;16,6;8;0
Nöt lever rå;1445;127;20;3,1;4,4
Nöt njure rå;1446;113;15,8;5,1;0,9
Nöt oxtunga rå;1447;176;16,2;12,4;0
Gris hjärta rå;1448;119;16,5;5,9;0
Gris lever rå;1449;132;22;3,4;3
Gris njure rå;1450;103;16,7;3,8;0,3
Gris tunga rå;1451;167;16,5;11,1;0,4
Kyckling hjärta rå;1452;147;15,6;9,3;0,3
Kyckling lever rå;1453;115;19,4;3,8;0,7
Kyckling mage rå;1454;111;18,2;4,2;0
Ren lever rå;1455;129;22;3,7;1,8
Nöt oxtunga rimmad rå;1456;220;15,7;17,5;0,4
Kyckling lever stekt;1457;144;24,3;4,8;0,9
Nötlever panerad stekt;1458;191;22,6;6,7;9,6
Nöt lever ej panerad stekt;1459;157;24,9;3,9;5,5
Nöt oxtunga rimmad kokt;1460;292;19,5;24;0
Leverstuvning hemlagad;1461;140;11,4;7,5;6,6
Hjärtgryta;1462;91;7,4;4,8;3,9
Korvkaka leverkaka;1463;89;5,5;2,7;10,2
Kycklinglever stuvad;1464;132;10,8;8,4;3,4
Levergryta nöt ;1465;144;12,1;7,5;6,8
Njurstuvning;1466;116;8,7;7,5;3,4
Leverbiff mald stekt fryst;1467;223;15,2;14,4;8,1
Levergryta m grönsaker fryst;1468;103;8,1;4,4;7
Leverstuvning fryst;1469;135;13,2;6;6,7
Gåsleverpastej rökt konserv;1470;454;11,4;44;4,6
Leverpalt;1471;225;9,9;9,9;22,8
Njurpalt;1472;153;8,3;1,7;24,6
Leverbiff mald lever rå fryst;1473;211;13;14,5;7
Leverpastej bredbar fett ca 24% ;1474;285;12;23,5;7
Leverpastej skivbar fett 26% ;1475;298;12,9;25,5;5
Leverpastej skivbar fett 14% ;1476;212;12;14;9,8
Leverpastej bredbar fett ca 10% ;1477;183;12;9;13,5
Leverpastej bredbar fett 3-3,5% ;1478;132;10,6;3,6;12,9
Leverbiff mald lever stekt hemlagad;1479;146;12,8;6,4;8,9
Paté på köttfärs kycklinglever;1480;180;15,9;11,3;4,4
Lantpaté;1482;402;12,1;37,5;4,7
Grönpepparpaté;1483;299;15,3;26;1,1
Kycklingkorv svensk fett 9% ;1485;155;11,5;9,1;6,5
Kycklingkorv fransk halal fett 15% ;1486;203;12,3;15,5;3,5
Falukorv fett 19% ;1487;254;12,7;19,3;7,9
Falukorv fett 23% ;1488;259;9,9;23;3,7
Falukorv fett 18%;1489;214;11,3;17,9;2,5
Fläskkorv  fett ca 23% rå;1490;250;8;22,7;4
Fläskkorv fett ca 21%  kokt;1491;234;9,1;20,5;3,8
Frukostkorv fett 23%;1492;257;9,9;23;3,2
Rökt isterband fett ca19 %;1493;257;10,7;18,7;11,3
Köttkorv fett ca 23% rå;1494;253;8,1;22,5;5,1
Köttkorv fett ca 21% kokt;1495;235;9,1;20,5;4
Medvurst fett ca 23% kokt;1496;256;9,9;22,5;4,1
Rökt medvurst fett ca 36% ;1497;383;16;35,5;1
Salami svensk fett ca 33% ;1498;352;15;32,5;1
Stångkorv fett ca 14% ;1499;193;9,5;13,5;8,2
Varmkorv fett ca 22% ;1500;274;12,1;21,5;8,5
Varmkorv fett 23% grillad kokt;1501;278;12,5;22,2;7,7
Varmkorv fett ca 23% grillad;1502;292;13,2;23;8,7
Wienerkorv fett 23% ;1503;259;9,8;23;3,9
Korv fett ca 11% ;1504;180;11;11,6;8
Skinkkorv fett 17% ;1505;224;13;17;5
Rökt påläggskorv fett 34% ospec;1506;380;11,1;34;8,3
Varmkorv fett 15% ;1507;227;8;16,1;12,8
Grillkorv fett 15% ;1508;215;11;15;9,2
Isterband fett 15% ;1509;244;11;17;11,6
Rökt påläggskorv fett 10% ospec;1510;218;19;10;12,7
Korv fett ca 15% ;1511;189;9,5;14,4;5,7
Wienerkorv fett 15% ;1512;196;10;15;5,7
Chorizo korv stekt;1513;286;14,3;23,8;4,1
Kabanoss korv stekt;1514;372;18,4;33;1,2
Grillkorv fett 18% ;1515;246;11,4;18,2;9,5
Prinskorv fett 24% ;1516;268;10;24;3,8
Salami importerad fett 45% ;1517;485;19,3;45;2,1
Salsiccia italiensk korv;1518;270;21,8;18,3;4,7
Salsiccia italiensk korv stekt utan fett;1519;299;21,8;20,2;7,7
Varmkorv konserv kylkonserv fett ca 19%;1520;223;11,8;18,9;2
Värmlandskorv fett ca 19% rå;1521;231;6,1;19,1;8,9
Värmlandskorv fett ca 18% kokt;1522;223;6,5;18,2;8,5
Bacon magert gris rökt stekt;1523;141;26,6;3,1;1,4
Bacon lättbacon gris;1524;114;19,4;3,5;1
Frukostkorv fett ca 24% kokt;1526;254;9,8;22,8;3,2
Falukorv mager stekt utan fett;1527;226;11,9;18,9;2,6
Falukorv i skivor kokt;1528;289;11;25,7;4,1
Falukorv stekt;1529;272;10,4;24,2;3,9
Frukostkorv stekt;1530;270;10,4;24,2;3,4
Isterband stekt;1531;329;13,7;24;14,5
Stångkorv stekt;1532;248;12,2;17,3;10,5
Korv fett ca 11% stekt;1533;195;12;12,6;8,7
Varmkorv kokt;1534;282;12,5;22,2;8,8
Varmkorv stekt;1535;288;12,7;22,6;8,9
Wienerkorv stekt;1536;273;10,3;24,2;4,1
Falukorv m hårdost tomat lök äpple ugnsstekt;1537;165;7,1;12,3;6,3
Korv typ falukorv stekt;1538;267;13,3;20,2;8,3
Wienerkorv kokt;1540;273;10,3;24,2;4,1
Pölsa värmd stekt;1541;201;15;12,1;7,7
Pölsa;1543;188;14;11,3;7,2
Korv Stroganoff hemlagad i gjutjärnsstekpanna;1544;242;7,2;20,5;7,5
Korvgryta potatis o grönsaker;1545;135;4,6;8;10,4
Korvgryta grönsaker ej rötter;1546;120;4,6;7,2;8,3
Korvgryta kikärter oliver vitlök;1547;145;6,4;9;7,3
Korvgryta vita bönor tomat oliver vitlök;1548;132;5,5;8,2;7,8
Tunnbrödrulle korv tunnbröd potatismos räk- gurksallad;1551;200;5,7;12,7;15,3
Korv Stroganoff fryst;1552;132;6,1;9,3;5,9
Kalvsylta;1553;100;12;5,7;0,1
Pressylta;1554;305;17,5;26,5;0
Hushållssylta;1555;143;11,9;10,6;0,3
Cashewnötter;1557;590;15,3;46,5;25,9
Hasselnötter;1558;656;13;62,6;9,4
Jordnötssmör;1559;615;22,6;51;14,3
Jordnötter torkade;1560;587;25,7;49;8,2
Jordnötter rostade;1561;600;27;49;10,3
Jordnötter rostade saltade;1562;600;27;49;10,3
Kastanjer;1563;201;2,4;2,2;39
Kokosflingor torkade;1564;643;6,4;63,1;3,4
Kokosnöt;1565;352;3,4;33,5;6,1
Kokosmjölk light för matlagning;1566;80;0,6;7,1;3
Linfrön torkade;1567;506;18,3;42,2;1,6
Paranötter;1568;679;14,3;66,4;4,8
Pekannötter;1569;686;7,8;68;8,8
Pistaschnötter;1570;606;20,5;48,5;21,7
Pumpafrön squashfrön torkade;1571;567;24,5;46;12,5
Sesamfrön torkade;1572;583;17,7;50;11,2
Sesamfrön torkade u skal;1573;620;26,5;55;4,1
Solrosfrön torkade;1574;594;23;49,5;12,6
Sötmandel torkad;1575;609;20;52;13,4
Valnötter;1576;669;14,3;62;13
Kastanjer rostade;1577;230;3,2;2,2;45
Torkade saltade kikärter snacks;1579;377;23,3;6,6;47,8
Jordnötsbågar jordnötsringar;1580;533;5,6;35;44,2
Tortilla chips;1581;504;6,7;26,5;57,1
Ostbågar;1582;526;9,8;30;53,7
Popcorn poppade;1583;414;10,1;14,5;55
Potatischips;1584;495;5,4;29,5;46,6
Salta pinnar;1585;384;10,5;6,3;68,2
Popcorn mikro fett 22% ;1586;450;9,4;22,1;42,9
Chips smaksatta fett 34%;1587;526;5,4;32,2;51,3
Chips light  fett 25%;1588;495;4,1;24,3;63
Japanmix nötter typ Exotic snacks;1589;403;9,4;5,6;75,5
Kokosmjölk;1590;239;2,3;24;3,5
Kokosvatten vätskan i kokosnöt;1591;20;0,7;0,2;3,7
Sesamdryck vattenextrakt av frön m skal;1592;68;1,8;6,4;0,6
Sesamdryck vattenextrakt av frön u skal;1593;72;2,2;6,4;1,4
Rågskorpor;1595;379;9;10,8;51,9
Veteskorpor osötade;1597;476;9,9;18,2;66,2
Sött vetebröd;1598;356;8,2;10,9;54,4
Sött vetebröd slätt;1599;329;8,7;9,5;50,3
Sött vetebröd sötat m fruktsocker;1600;289;7,2;8;45,6
Vetebröd osötat;1601;286;7,6;7,8;44,6
Fyllt vetebröd bullar längd ospec.;1602;350;6,5;10,3;56,1
Veteskorpor;1603;419;10,3;9,2;70,7
Fullkornsskorpor osötade;1604;387;12,9;6,2;64,1
Mandelkubb;1605;397;6,1;13,6;61,3
Munkar u fyllning;1606;425;5;25,9;42,7
Munkar fyllda m äppelmos vaniljkräm;1607;313;5,9;13,2;41,4
Wienerbröd fyllt m vaniljkräm sylt florsocker;1608;456;6,4;27,3;45,4
Sött vetebröd på bakpulver;1609;295;6,9;8,2;47,2
Saffransbröd;1610;297;6,8;8,2;47,8
Kex Cream Crackers;1611;484;7,8;22,5;60,3
Wafers fyllda rån kex;1612;538;4,1;29,9;62,3
Kex fullkorn Hob-nobs;1613;470;8,8;20,6;59,1
Kex Marie;1614;449;6,6;12,8;74,7
Kex Brago;1615;480;5,4;18,4;71,8
Kex Singoalla;1616;474;4;18,9;70,9
Kex Ballerina;1617;485;6,1;20,7;67
Maränger m choklad;1618;389;3,2;0,7;91
Småkakor ospec.;1619;492;4,7;21,4;68,8
Jitterbugg mördeg maräng;1620;515;6,7;30,5;52,8
Amerikanska cookies choklad;1621;486;5,2;22,9;63,3
Smörgåskex;1623;462;7;18,1;63,1
Pepparkakor;1624;461;5,3;15,9;72,9
Spettekaka;1625;427;11,8;9,8;71,4
Maräng;1626;395;1,9;0;95,3
Fyllda kex;1627;489;5,4;24,5;60,7
Cheese crackers ostkex;1628;492;10,1;25,3;54,1
Kex salta typ Salinas;1629;509;8,7;27;55,3
Kex salta m mjölk;1630;512;7,7;27,3;57,6
Kex sötade m sorbitol;1631;444;6;12;76,1
Pepparkakor sötade m sorbitol;1632;504;8;24;63,2
Smörgåsrån;1633;420;10;7,5;76,3
Fyllda rån sötade m sorbitol;1634;555;10;33;54,2
Fyllda rån sötade m fruktsocker;1635;507;9;23;65,2
Våffelstrut glasstrut ofylld;1636;416;6,3;6,4;80,8
Småkakor sötade m sorbitol;1637;546;7;33;54,6
Mandelbiskvier;1638;425;10,2;21;47,1
Mördeg gräddad;1639;506;5,7;34,7;42,7
Smördeg gräddad;1640;330;5,2;17,6;37
Smördeg fryst;1641;395;5;27,5;31,8
Filodeg plattor;1642;289;8;1,9;57,9
Wienerbröd;1643;512;7,1;35,5;40,4
Gräddtårta;1645;294;3;19;27,7
Toscabit mazarinmassa mandel choklad;1646;487;6,6;31,4;42,6
Bärtårta grädde vaniljkräm sylt gele;1647;245;3,2;11,1;31,4
Princesstårta fylld m grädde vaniljkräm hallonsylt marsipan;1648;295;4,3;13,8;37,3
Chokladtårta aprikossylt chokladöverdrag Sachertårta;1649;443;5,6;25,3;46,8
Napoleonbakelse grädde vaniljkräm hallonsylt glasyr;1650;349;3,2;20,6;37,2
Frukttårta hallonsylt vaniljkräm mandelmassa frukter gele;1651;249;5,1;7,5;37,4
Chokladbiskvi mandelbotten smörkräm choklad;1652;494;5,6;28,6;50,9
Mazariner mördegsbotten mazarinfyllning glasyr;1653;436;6,7;20,6;55
Drömrulltårta;1654;390;6,1;16,5;53,2
Rulltårta m sylt;1655;380;3;14,9;57,4
Punschrulle;1656;453;5;20,2;61,2
Chokladboll;1657;504;4,4;31,2;49,6
Gräddtårta hembakad jordgubb banan;1658;209;3;11,7;22
Potatisbakelse vaniljkräm smörkräm marsipan;1659;405;4,8;16,8;56,8
Äppelkaka m ströbröd;1660;174;1,4;5,1;29,5
Drömtårta chokladrulltårta;1661;384;4;16,8;53,5
Semla vetebulle fylld m mandelmassa vispad grädde;1662;333;5,4;16,3;39,7
Chokladrutor m glasyr o riven kokos;1663;389;3,9;17,4;53,5
Mjuk kaka med glasyr typ Ambrosiakaka;1664;360;3,7;14,7;52,8
Punschrulle Dammsugare;1665;489;6;28,2;50,3
Arraksboll;1666;458;5,8;21,5;59,2
Petits-choux fyllda m vispgrädde sylt;1667;275;4,9;20,7;17,4
Semla;1668;338;7,1;17,6;36,9
Fransk äppelkaka ;1669;194;2,5;10,8;21
Toscakaka;1671;387;6,2;18,3;48,7
Chokladkaka;1672;340;5,7;16,9;40,2
Chokladtårta sachertårta;1673;422;5,2;23,7;47,1
Amerikanska muffins ospec;1677;431;5,8;24,3;46,8
Mjuk kaka sockerkaka mjuk pepparkaka;1678;391;6,2;15,9;54,7
Sockerkaka lätt till tårtbotten;1679;297;6,3;4,1;57,6
Mjuk chokladkaka;1680;339;5,7;16,9;40,1
Sockerkaka fin;1681;414;5,1;20,5;52
Mjuk pepparkaka;1682;327;5,2;13,2;46,4
Mjuk nötkaka;1683;438;9,4;29,5;32,9
Sockerkaka fett 50 g i receptet;1684;296;4,9;8;50,3
Sockerkaka, saftig;1685;320;5,7;8,8;53,5
Digestivekex fullkorn 23%;1686;476;6,4;19,8;66,1
Mjuk fruktkaka;1687;377;6,2;17,9;46,4
Gräddglass fett 12% ;1689;209;3,5;12;21,8
Glass veg fett ca 8%;1690;171;3,2;7,5;22,6
Glass veg fett ca 10%;1691;193;3,3;9,7;23,1
Glasstrut fett ca 15% ;1692;271;4;15,3;29,2
Glass m sötmedel el lightglass fett ca 6% ;1693;139;4,3;5,7;17,5
Glasstrut Daim;1694;345;3,7;20,8;35,1
Glass m chokladkex GB Sandwich;1695;266;4,7;10,4;37,4
Gräddglass fett 15% ;1696;222;3,7;14,5;19,6
Glass veg fett 12%;1697;200;3,8;12;19,3
Lättglass fett ca 5% ;1698;167;4,3;4,7;26,6
Glasspinne fett ca 25% ;1699;349;4,6;25,3;26
Glasspinne m kakaoöverdrag fett 20% ;1700;307;3,8;20,1;28
Glasspinne el split m isöverdrag fett ca 6% ;1701;151;1,7;6;22,3
Glasstrut fett ca 10% ;1702;244;3,6;10,3;34
Mjukglass vanilj;1703;154;3,1;7;19,7
Glasstårta fett 17% typ Vienetta;1705;261;4,4;17;22,2
Glass m maräng fett 10% ;1706;235;4;12,8;25,8
Glass m havre 10% fett vanilj Oatly;1707;182;1,1;9,7;22,3
Glass parfait;1708;246;2,1;18,7;14,5
Matlagningsbas m havre fett 13% Oatly iMat;1712;146;1,2;13;6,1
Gräddfil fett 12% ;1713;137;3,1;12;4,4
Kaffegrädde fett 12% ;1714;137;3,1;12;4,4
Vispgrädde fett 40% ;1715;375;2,1;40;3
Mellangrädde fett 27% ;1716;264;2,6;27;3,7
Matlagningsgrädde fett 15% ;1717;162;3;15;4,3
Matlagningsgrädde fett 5% typ Laga lätt;1718;85;3,3;5,4;5,8
Crème fraiche fett 34% ;1719;323;2,3;34;3,3
Crème fraiche lätt fett 15% ;1721;162;3;15;4,3
Vitt pulver till kaffe 35% fett;1725;557;4,8;35,5;54,9
Gräddfilssås med kryddgrönt;1726;128;3,1;10,9;4,6
Filmjölks- o gräddfilsås olika smaksättningar fett ca 9%;1727;119;3,4;9,6;4,9
Gräddfils- o crème fraichesås 15% fett;1728;174;3,3;15,9;4,7
Rabarberkräm;1729;62;0,5;0,1;14,2
Rabarbersoppa;1730;50;0,4;0,1;11,4
Apelsinsoppa;1732;52;0,6;0,1;12
Blåbärssoppa;1734;40;0,2;0,2;8,6
Svartvinbärskräm;1740;87;0,2;0;21,2
Äppelkompott;1741;97;0,1;0,1;23,4
Äppelkräm;1742;65;0,1;0,1;15,4
Äppelsoppa;1743;40;0,1;0;9,3
Kräm bär o el frukt ospec.;1744;68;0,2;0,1;15,8
Pajfyllning efterrätt;1745;113;0,9;0,4;24,8
Saftkräm;1746;105;0,1;0;25,7
Saftsoppa;1747;76;0,1;0;18,5
Saftsås;1748;95;0,1;0;23,2
Blåbärssoppa berik pastöriserad ;1749;46;0,3;0;10,9
Fruktsoppa ätf blandad torkad frukt pastöriserad berik ;1750;54;0,2;0;12,9
Nyponsoppa ätf pastöriserad el på pulver berik ;1751;52;0,2;0,1;12,1
Nyponsoppa ätf pulver osötad berik ;1752;20;0,2;0,1;4,3
Saftkräm pastöriserad berik;1754;80;0,2;0;19,2
Katrinplommonkaka;1758;198;5,7;6;28,3
Kalvdans mjölkpulver ägg;1759;130;9,6;3,8;14
Ostkaka färskost;1760;149;10,2;6,3;12,6
Marängsviss hovdessert;1761;349;5;23,8;27,4
Brylépudding;1762;142;5,1;4,2;20,7
Vaniljsås mellanmjölk matlagnings- o vispgrädde hemlagad;1763;192;3,8;14,6;11,8
Chokladpudding;1764;129;3,7;3,3;20,3
Chokladpudding m vispad grädde;1765;174;3,4;10,1;17,1
Chokladmousse;1766;421;4,1;30,2;33,5
Ananas- och citronfromage;1767;180;2,9;10,5;18,4
Chokladsås;1768;251;4,5;4,1;45,1
Kolasås;1769;322;2;22;29,4
Vaniljpudding;1770;91;6,8;4,9;5
Vaniljsås mjölk kaffegrädde;1771;106;4,8;4;12,6
Ostkaka fett 9% ;1772;183;10,1;8,8;15,8
Ostkaka lätt osockrad fett 3% ;1773;111;12;3;8,6
Citronfromage;1775;173;2,4;11;16,2
Vaniljsås m havre 11% fett Oatly;1776;162;0,9;11;14,5
Vaniljsås pulver tillagad m mjölk;1777;106;3,1;3,2;16,1
Glassås choklad typ Ohoj;1778;352;3,1;5,5;69,5
Glassås frukt typ Ohoj;1779;317;0,1;0;77,8
Äppelpaj m botten o lock;1780;291;3,2;12,5;40
Rabarberpaj;1781;234;2,6;11,4;29,5
Äppelpaj;1782;230;2,3;11,7;28,1
Frusen cheesecake frusen ostkaka;1783;245;5,5;19;13,2
Cheesecake el ostkaka m botten av digestivekex;1784;299;4,9;22;20,7
Mannagrynskaka el mannagrynspudding;1785;113;5,3;3,7;14
Äppelsmulpaj;1786;242;2,3;11,4;31,6
Katrinplommonsufflé;1788;199;5,4;0,3;40,9
Friterad äppelpaj;1789;303;2,6;16,6;35,1
Friterad banan;1790;203;3,1;5,2;34,6
Ugnsstekt äpple;1791;129;1,6;5,7;16,6
Friterad banan m glass restaurang;1792;253;2,4;13,2;30,3
Apelsinmarmelad;1793;233;0,2;0;56,9
Rödvinbärsgelé;1794;280;0,2;0;68,4
Svartvinbärsgelé;1795;265;0,2;0;64,7
Apelsinmarmelad lättsockrad;1796;185;0,5;0,1;44,5
Marmelad aprikos björnbär jordgubbar;1797;238;0,3;0,1;57,7
Lingonsylt;1798;161;0,2;0,2;38,3
Lingonsylt osötad;1800;43;0,4;0,4;8,8
Jordgubbssylt;1801;172;0,3;0,1;41,1
Björnbärssylt;1802;174;0,2;0,1;41,2
Blåbärssylt;1803;148;0,2;0,3;34,9
Hallonsylt;1804;184;0,4;0,2;43,6
Hjortronsylt;1805;181;0,5;0,3;42
Krusbärssylt;1806;163;0,3;0,2;38,5
Körsbärssylt;1808;181;0,7;0,3;42,6
Äppelmos;1809;233;0,2;0;56,9
Äppelmos lättsockrat;1810;128;0,2;0;30,9
Äppelmos osötat el m sötmedel u energi;1811;48;0,2;0;11,3
Cumberlandsås;1812;200;0,6;0,3;45,1
Sylt mos marmelad lättsockrade ospec;1813;151;0,3;0;36,3
Apelsinsaft konc berik ;1814;194;0,3;0;47,5
Apelsinsaft drickf berik ;1815;31;0;0;7,5
Saft lättsockrad konc;1817;81;0,1;0;19,8
Saft lättsockrad drickf;1818;20;0;0;5
Saft röd konc;1819;196;0,1;0;48,2
Saft röd drickf;1820;49;0;0;12,1
Svartvinbärssaft konc berik ;1821;174;0,4;0;42,3
Saft sötad m sorbitol konc;1822;93;0,5;0;22,5
Saft osötad el m sötmedel u energi konc;1825;85;0;0;21
Fruktdryck m kolsyra;1826;40;0;0;9,9
Fruktdryck u kolsyra;1827;48;0;0;11,9
Läsk m kolsyra;1828;36;0;0;8,9
Coladryck;1829;43;0;0;10,5
Lightläsk;1830;1;0;0;0,2
Cola light;1831;1;0,1;0;0,1
Sportdryck drickf;1832;29;0;0;7,2
Saft sötad m sorbitol drickf;1834;19;0,1;0;4,5
Hallonsaft drickf;1837;37;0;0;9
Svartvinbärssaft drickf berik ;1838;33;0;0;8
Måltidsdricka äpple lingon drickf berik ;1839;32;0;0;7,9
Lingondricka drickf berik ;1840;28;0;0;7
Äppeldricka drickf berik ;1841;32;0;0;7,9
Saft osötad el m sötmedel u energi drickf berik ;1842;17;0;0;4,2
Isglass;1843;95;0,1;0;23,3
Sorbet;1844;132;0,8;0,6;30,5
Isglass Saftis;1845;97;0;1,5;20,5
Chokladdryck på vatten;1846;57;1,2;2,6;6,8
Chokladdryck Pucko;1847;68;3,5;1,5;9,8
Mjölkchoklad m hackade hasselnötter Schweizernöt;1848;545;8,7;31,8;55,6
Mjölkchoklad fylld m mandelkrokant Daim;1849;539;4,1;31,1;60,1
Mjölkchoklad m mjuk kolafyllning Plopp Center;1850;497;6,5;24,3;62,9
Kex överdragna m mjölkchoklad kitkat;1851;497;5,4;22,3;67,2
Kex och kola överdragen m mjölkchoklad Twix/Lion;1852;481;5,2;21,2;66,1
Kola och jordnötter överdragen m mjölkchoklad Snickers;1853;490;10,6;25,1;54
Mjuk kola och mjuk chokladmaräng överdragen m mjölkchoklad Japp Mars;1854;445;4;16,2;69,3
Choklad o chokladpraliner;1855;547;7,4;33,7;53,7
Chokladpraliner;1858;540;6,6;33,5;53,3
Mjuk kokos överdragen m tjockt lager mjölkchoklad Bounty;1859;478;3,6;25,7;56,1
Nöt- och chokladkräm Nutella;1860;526;5,8;29,6;56,9
Choklad u tillsatt socker;1861;577;10;39;46,9
Gelékonfekt;1863;352;7,3;0;79,4
Karameller syrliga;1864;395;3;0;94,2
Kola ;1865;456;4,1;18;68,9
Lakritskonfekt;1866;378;0;3,2;86,1
Marmeladkonfekt;1867;336;0;0;82,6
Skumgodis;1868;335;2;0;80,4
Polkagrisar;1869;399;0;0;98,1
Tuggummi;1870;378;0,4;0;92,7
Klubba chokladkola karamell;1871;436;2,5;11,1;80,6
Saltlakrits;1873;395;3;0;94,2
Supersalt lakrits Djungelvrål;1874;343;7,8;0;76
Chokladkola mörk m chokladöverdrag Riesen;1875;470;4,3;18,2;71,7
Kexchoklad;1876;513;8,5;26,5;59,8
Fruktkola AKO;1877;394;0,7;0;96,3
Skumbilar Ahlgrens bilar;1878;369;6,9;0,1;83,7
Chokladboll med kokos;1879;412;5;20;52,6
Mums-mums;1880;396;5;15;59,6
Energibar choklad nötter Start;1881;419;7,1;11,2;69,6
Karameller syrliga sockerfria;1882;402;0;0;98,9
Tuggummi sockerfritt;1884;352;0,6;0;86,1
Mandelmassa;1885;460;9,9;23;51,5
Kakaopulver fett 20-22% ;1886;394;23,5;21,5;10,6
Kakaopulver m socker fett 2,5% ;1887;391;4,5;2,5;83,2
Chokladbollar;1888;428;6;21,1;51,1
Måltidsersättning chokladsmak pulver Nutrilett Intensiv;1891;377;35;9;32,6
Socker;1892;405;0;0;99,6
Brun farin;1893;388;0;0;95,5
Ljus sirap;1894;323;0;0;79,6
Honung;1896;332;0,3;0;81,5
Druvsocker;1897;370;0;0;91,1
Fruktsocker;1898;373;0;0;91,7
Sorbitol m sackarin;1899;406;0;0;100
Svagdricka  vol. % 2,3;1900;29;0,2;0;3,8
Öl lättöl vol. % 2,3 ;1901;29;0,2;0;3,8
Öl pilsner vol. % 3,5 ;1902;40;0,4;0;4,6
Cider vol. % 1 ;1903;47;0;0;10,1
Vitt vin  vol. % 1;1904;17;0;0;2,8
Rödvin rosévin vol. % 1;1905;17;0;0;2,8
Öl starköl el exportöl vol. % 5,6 ;1906;47;0,6;0;3,2
Rödvin vol. % 12 ;1907;72;0;0;0,8
Vitt vin halvtorrt el halvsött vol. % 12,5 ;1908;81;0,1;0;3
Vitt vin el rhenvin  vol. % 10;1909;71;0,1;0;3,8
Vitt vin sött vol. % 13,5 ;1910;99;0,2;0;5,9
Vitt vin torrt vol. % 12 ;1911;68;0;0;0,4
Vinglögg vol. % 10 ;1912;125;0;0;17
Madeira vol. % 18 ;1914;129;0;0;7,9
Portvin vitt rött vol. % 20 ;1915;150;0;0;9,5
Sherry halvtorr vol. % 17 ;1916;125;0;0;3,4
Starkvinsglögg vol. % 16 ;1917;179;0;0;22,3
Brännvin renat el vodka vol. % 40 ;1918;222;0;0;0
Likör söt vol. % 24;1919;266;0;0;33
Likör Kaptenlöjtnant vol. % 38 ;1920;321;0;0;27
Konjak el brandy vol. % 40;1921;225;0;0;0,8
Punsch vol. % 26;1922;244;0;0;26
Rom vol. % 40 ;1923;223;0;0;0,3
Kryddat brännvin vol. % 40 ;1924;226;0;0;1,1
Gin vol. % 40 ;1925;222;0;0;0
Whisky vol. % 40 ;1926;222;0;0;0
Likör mindre söt vol. % 24 ;1927;232;0;0;24,7
Irish coffee;1929;105;0,3;5,2;4,6
Bovetemjöl ljust;1930;357;6,6;2;76
Havremust pulver berik;1931;358;15,8;5,8;56
Kornmjöl fullkorn;1932;341;9,2;3;64,7
Majsmjöl gult u groddar el polenta;1933;349;7,8;1,2;73,2
Rågmjöl fullkorn;1934;326;8,2;2,5;60,2
Grahamsmjöl fullkorn vete;1935;331;10;2,5;60,7
Vetediet berik;1936;388;19;8,5;53,5
Vetemjöl bagerivetemjöl berik;1937;347;10,4;1,4;70,5
Vetemjöl bagerivetemjöl;1938;348;10,6;1,6;70,2
Vetemjöl berik;1939;357;10,2;1,6;73,1
Grovt vetemjöl berik;1940;346;10;2,5;67
Vetemjöl;1941;352;8,5;1,9;72,4
Mjölblandning grov vete råg vitberik;1942;337;10;2,5;63,2
Mjölblandning rågsikt m vetemjöl vitberik;1943;347;9,2;2,5;68,4
Mjölblandning vete råg korn havre vitberik;1944;342;10;2,5;66
Majsstärkelse;1945;354;0,3;0;85,9
Potatismjöl el potatisgryn;1946;334;1;0;80,6
Samarinpulver;1947;0;0;0;0
Samarin drickf;1948;0;0;0;0
Sodavatten;1949;0;0;0;0
Vichyvatten;1950;0;0;0;0
Mineralvatten;1951;0;0;0;0
Mineralvatten m tillsatt kalium;1952;0;0;0;0
Kranvatten;1953;0;0;0;0
Snabbkaffe pulver;1955;304;19,5;1,7;42,6
Snabbkaffe drickf;1956;2;0,1;0;0,4
Kaffe bryggt;1957;2;0,1;0;0,4
Bryggt kaffe espresso drickf;1958;9;0,1;0,2;1,7
Snabbkaffe koffeinfritt drickf;1959;2;0,2;0;0,3
Tepulver;1960;309;11,7;0,4;61,8
Te bryggt;1962;1;0;0;0,3
Örtte drickf;1963;1;0;0;0,3
Nyponte m svarta vinbär drickf;1964;3;0;0;0,7
Ättiksprit ättiksyra 12 %;1965;49;0;0;12
Vinäger ättiksyra 7 %;1966;30;0,4;0;7
Äppelcidervinäger ättiksyra 7 %;1967;30;0,4;0;7
Chilisås tomat;1968;81;1,5;0,5;16,7
Ketchup tomatketchup;1969;109;1,5;0,5;23,7
HP-sås;1970;107;1,1;0;25,2
Grillsås;1971;100;1,5;6,9;8
Senap svensk;1972;165;5,7;6,4;20,2
Senap fransk;1973;93;6;5;5,3
Sötsur sås;1974;96;0,2;0;23,3
Joderat salt;1975;0;0;0;0
Mineralsalt;1976;0;0;0;0
Havssalt;1977;0;0;0;0
Örtsalt;1978;128;7,6;0,5;22,9
Färsk jäst;1979;110;12,1;0,4;14,1
Torrjäst;1980;360;37;1,6;48,1
Bakpulver;1981;174;0,1;0;42,4
Vit sås béchamelsås på lättmjölk;1982;86;4,1;3,8;8,7
Ljus stuvning;1983;134;3,4;8,9;10,1
Ljus stuvning lättmjölk;1984;73;3,2;2,9;8,3
Vit sås béchamelsås standardmjölk;1985;108;4;6,4;8,5
Vit gratängsås;1986;122;5,4;7,3;8,7
Ljus sås buljong;1987;62;1;4,9;3,5
Ostsås;1988;153;7,7;10;8,1
Ostsås gorgonzola ädelost kaffe- o vispgrädde;1989;376;4,4;39,2;2,8
Ostsås till moussaka;1990;132;8,8;7,5;7,4
Brunsås med mjölk;1991;92;2,4;6,6;5,8
Sky;1992;33;1,4;3,1;0
Brunsås vatten buljongtärning;1993;93;1,1;8,5;3,4
Brunsås buljong;1994;69;1,8;5,4;3,4
Currysås;1995;64;1;5,1;3,6
Brunsås kaffegrädde;1996;75;1,6;6;3,7
Korintsås;1997;98;1,2;3,5;14,7
Brunsås pulver tillagad m mjölk vatten;1998;56;2,3;2;7,1
Gräddsås pulver tillagad m mjölk vatten smör;1999;117;2,7;8,4;7,6
Tomatsås tomatröra;2000;61;1,3;4;4
Dillsås;2001;83;0,9;7,1;3,9
Äggsås m persilja;2002;93;3,1;8,2;1,9
Pestosås basilika parmesan valnöt;2003;628;12,3;61,9;6,4
Pestosås m basilika pinjenötter cashewnötter;2004;581;4,2;57,1;12,6
Dippmix pulver olika smaker;2006;307;11,4;1,1;59,3
Sweet chilisås;2007;182;0,8;2,9;37,2
Pastasås m tomat Findus;2008;106;1,9;4,4;13,1
Pastasås olika märken;2009;51;1,6;2,1;5,3
Sweet&sour sås Uncle Ben;2010;107;0,4;2,5;20,1
Orientalisk sås Uncle Ben;2011;91;1,1;4,8;10,1
Teriyakisås ;2012;111;3,2;0,8;22,2
Frukostflingor fullkorn müsli Plus ;2024;374;8,2;4,5;69,9
Frukostflingor fullkorn müsli Bär ;2025;366;8,6;3,5;68,9
Frukostflingor fullkorn frukt nötter kokosolja socker typ Start hasselnöt;2027;455;9,9;17,1;61,2
Frukostflingor fullkorn frukt nötter kokosolja socker crunchy russin;2028;450;7,1;16,3;65,5
Frukostflingor frukt nötter/kokos olja socker: ICA Crunchy naturell;2029;461;7,4;17,7;64,8
Frukostflingor fullkorn frukt nötter kokos olja socker F-müsli tropical ;2030;412;6,5;10,9;67,6
Frukostflingor fullkorn frukt olja socker typ Signum früsli crisp jordgubb;2031;466;7,4;18,4;64,4
Frukostflingor fullkorn flingblandning frukt olja familjemüsli;2032;378;9,4;6,1;66,1
Frukostflingor fullkorn frukt olja F-müsli banan;2033;381;8,2;7;65,2
Crab sticks Ullmo;2035;124;6,1;2,4;18,8
Matlagningsbas fett 15% typ Milda mat;2036;155;2;15,3;3
Milda Minimat 7% fett;2037;89;1,1;7,1;5,4
Milda Fraiche 24% fett;2038;245;2,3;24;5,8
Milda Visp 20% fett;2039;206;2,8;19,7;5
Milda kaffe 10% fett;2040;118;3;9,9;4,4
Milda Vaniljvisp 12% fett;2041;202;4,4;12,1;19,1
Creme Fraiche Blue Cheese  fett 15%;2042;176;4,3;15,1;6,1
Creme Fraiche fett 13% smaksatt;2043;156;2,9;13,2;6,7
Creme Fraiche fett 28% smaksatt;2044;275;2;28,1;4,4
Frukostost fett 13% Kavli berikad +ABCDE;2045;199;14,4;13,1;6,1
Mini Fraiche fett 5%;2046;84;3,8;5,2;5,7
Milko greve fett 13% smältost;2047;187;14,3;13;3,4
Fjällfil naturell fett 4,2% ;2048;68;3,5;4,1;4,2
Fjällyoghurt fett 3,6 % , olika smaksättningar;2049;91;3;3,7;11,5
Fettfri majonnäs  fett < 0.5%;2050;83;0,5;0,5;18,8
Vit choklad;2051;585;6;39,3;52,4
Mörk choklad kakao >70 % ;2052;572;9,7;37;50,7
Mörk choklad kakao <70% ;2053;537;6,3;28,8;63,1
Mörk blockchoklad;2054;556;5,6;32,8;59,8
Mjölkchoklad ospec.;2055;564;9,2;35,2;52,9
Kebabkött djupfryst stekfärdigt;2056;248;14,3;18,6;6,2
Avorio ris okokt;2057;358;6,7;1,3;78,1
Rostad lök;2058;607;6,4;48,5;35
Glasspinne hallon o mjölk fett 5,5% typ SIA;2059;166;3,3;5,6;25,5
Glasspinne fett 10%;2060;199;4,1;10,2;22,6
FiberBar naturell All-Bran;2061;446;6,9;20,8;49,9
Knäckemacka vete olika fyllningar typ Wasa Sandwich;2062;487;11,7;25;52,1
Fullkornsmacka råg olika fyllningar typ Wasa sandwich;2063;471;12,6;24,5;45,9
Falafel kikärtskroketter frysta;2064;241;7,3;11,2;24,2
Pytt-i-panna vegetarisk;2065;127;5,6;3,6;16,3
Sojakorv;2066;226;16,4;16;0,8
Gourmetbullar vegetariska djupfrysta typ Hälsans kök;2067;165;18,5;7;4,3
Vegetarisk färs sojaprotein fryst;2068;168;17,7;6,8;5,5
Vegebitar, grytbitar av veteprotein;2069;232;27,4;9,1;9,9
Matlagningsbas m soja fett 17% Alpro soya Cuisine;2070;188;2,9;17,5;5,2
Müslibar fullkorn berikad typ Special K Bar Red fruit;2071;393;8,4;4,4;77,9
Müslibar berikad typ Special K Chocolate;2072;399;8,1;6,5;73,2
Jordnötssås;2073;324;5,3;26,7;15,4
Kall sås skola coleslaw;2075;134;2,9;11,7;4,5
Chilisås söt;2076;120;1,3;0,4;26,6
Löksås med grädde;2078;201;2,6;18,1;7,2
Äggnudlar kokta m salt;2079;131;4,9;1,5;23,8
Nässelstuvning;2080;84;4,2;5,2;4,2
Kantarellstuvning;2081;153;3,8;11,2;8,9
Ratatouille;2083;56;1,2;2,9;5,2
Potatisgratäng med gräddmjölk;2085;153;4;8,7;14
Crème Fraiche gourmet Bearnaise Saffran & tomat fett 27%;2086;279;2,4;27,3;6,8
Kebabpanna;2090;133;7,2;8,2;7
Dansk sjömansbiff;2092;127;6,3;4,5;13,8
Kreolsk festgryta;2093;246;14;19,2;4,5
Flygande Jakob Kyckling bacon jordnötter banan;2096;213;13,6;15,3;5,1
Prinskorv stekt;2097;277;10,3;24,7;3,9
Skinkröra;2098;206;10,3;17,6;2,1
Hamburgare blandfärs stekt;2099;242;22,2;17,8;0
Köttfärssås blandfärs 70/30;2100;113;8,5;6,9;3,8
Nötfärs stekt;2101;193;21,4;12;0
Stekt kött nöt/gris ospec.;2103;180;24,5;9;0
Carbonara;2104;340;21,3;28;1,5
Thaigryta fisk och skaldjur;2106;134;11,1;8,8;2,2
Skagenröra;2107;198;12;15,7;2,4
Fisksoppa, mager fisk;2108;37;4,7;0,3;3,2
Tonfiskröra mager;2109;157;9,3;11,7;3,6
Havregrynsgröt fullkorn fiberhavregryn;2123;62;2,3;1,2;9,1
Havregrynsgröt fullkorn fiberhavregryn m mjölk kokt;2124;66;3,3;1,2;9,5
Glasnudlar kokta m salt;2125;134;0,1;0;32,9
Majsvälling;2127;44;1,8;1,5;5,7
Gröt fullkorn ospec.;2128;78;3;2,1;11,3
Pannkaka på sojadryck;2133;175;6,1;6,7;22,2
Skink- o broccolipaj;2134;234;10,4;14,8;14,7
Kebabpizza hemlagad;2138;190;7,9;9,6;17,3
Vit sås med grädde;2141;153;3,8;12,1;7,5
Ost- och skinksås;2142;133;8,4;7,8;7,2
Tzatziki;2144;63;2,2;4,3;4
Ris a la malta fett 3%;2147;85;2,2;2,3;13,7
Rödkål med äpple;2160;90;1;2,8;14
Champinjoner stekta utan fett;2161;41;3,8;0,4;4,5
Palsternacka kokt ;2162;67;1,6;0,6;12
Gratängsås med ost;2163;125;5,7;8,5;6,6
Fänkål kokt;2164;32;3,2;0,5;2
Kroppkakor;2165;150;5,2;4,8;20,2
Ugnspannkaka m mellanmjölk;2171;168;8,4;4,1;23,9
Currysås m Lätt Crème Fraiche;2173;59;2,9;3,1;4,9
Korv stroganoff, mager korv;2174;107;4,5;7,4;5,5
Ostkaka fett 7%;2184;172;10;7;17
Rapsolja;2189;884;0;100;0
Matfettsblandning fett 75% berikad typ Bregott;2190;667;0,5;75;0,5
Lättmargarin fett 40% berikad typ Lätta;2192;368;0,5;40;3
Äggröra u mjöl (Fin äggröra);2197;180;12,6;14,4;0,4
Ägg konventionellt kokt;2205;137;12,3;9,7;0,4
Aloe Vera Juice Syreberikad Hela Pharma AB;2210;4;0;0,2;0,5
Aloe Vera Juice Sasco;2214;3;0;0,1;0,5
Aloe Vera Juice med grönt te Naturapoteket;2216;30;0;0,4;6,5
Aloe Berry nectar Forever Living Products;2217;39;0;0,2;9,1
Aloe Vera naturell Forever Living Products;2218;19;0;0,1;4,4
Toscaglasyr;2219;513;7;36,1;39,5
Pasta glutenfri okokt ;2220;362;7,3;1,3;77,6
Fusilli / lasagneplattor glutenfri okokt;2221;361;7,4;1,4;76,9
Pepparkakor glutenfria;2222;460;1,5;16,2;75,6
Digestivekex fullkorn glutenfria;2223;462;1,9;16,1;75,3
Chokladkakor glutenfria;2224;502;1,3;25,1;66,8
Glutenfritt hårt bröd fibrer ca 7,5% typ Grovknäcke;2225;372;2,9;2,3;79,9
Tagliatelle äggpasta glutenfritt okokt ;2226;384;2,6;4,5;82,1
Pasta 100 % majs glutenfri okokt;2227;366;6,9;1,8;77,7
Bearnaisesås fett 8% Kelda;2228;112;2,3;8;7,7
Klassisk gräddsås fett 6% Kelda;2229;88;2;5,8;7,1
Ostsås fett 8% Kelda;2230;118;4,7;7,6;7,9
Bearnaise sås typ Spisa Rydbergs;2231;342;1;35,5;5,9
Rödvin sås fett 1,5% Spisa Rydbergs;2232;65;1,2;1,2;12,1
Kebabasås vit fett 30% Rydbergs;2233;300;1,7;30,9;5
Svamp sås fett 8,5% Spisa Rydbergs;2234;119;2,7;8,7;7,6
Café de Paris sås fett 39% Spisa Rydbergs;2235;339;1,6;34,4;7
Varmkorv fett 7% Må gott;2236;170;12;9,9;7,6
Prinskorv fett 8% Må gott;2237;129;11,8;5,4;7,7
Chorizo fett 9% Må gott;2238;160;14,4;9;4,8
Lättkorv fett 7% Må gott;2239;131;10,1;7;6
Salami fett 9% Må gott;2240;174;24,4;8;1,1
Kokt medwurst fett 7% Må gott;2241;129;10,3;6,8;6,1
Fruktyoghurt lättsockrad fett 0,2%;2242;64;3,6;0,3;11,5
Fruktyoghurt lättsockrad laktosreducerad fett 0,1%;2243;64;3,9;0,3;11,2
Frukostflingor fullkorn sockrad frön & russin 40%;2244;393;11;9,6;61,4
Frukostflingor fullkorn naturell ;2245;382;10,2;2,6;74,4
After eight choklad mint;2246;409;2,6;4,6;88,1
Mozzarella ost fett 20 % ;2255;255;18,6;20,3;0
Lättmargarin fett 30% berikad typ Carlshamn LättLätt;2399;303;0,2;30;9
Flytande margarin fett 80% berikad typ Carlshamn gottgott;2400;707;0;80;0
Flytande margarin mjölkfri fett 80% berikad typ Carlshamn;2401;707;0;80;0
Bordsmargarin fett 60% berikad typ Carlshamn Runda Bords;2402;537;0,3;60;1,2
Bordsmargarin mjölkfri fett 70% berikad typ Carlshamn;2403;619;0;70;0
Hushållsmargarin mjölkfri fett 80% berikad typ Carlshamn;2404;707;0;80;0
Hushållsmargarin fett 80% berikad typ Carlshamn gottgott;2405;710;0,2;80;0,3
Lammrygg lammhals kokt;2413;212;21,1;14,3;0
Tilapia;2468;84;17,9;1,6;0
Flytande margarin fett 80% berikad typ Mjuka Milda;2470;710;0,3;80;0,4
Lättmargarin fett 39% berikad typ Milda;2471;358;0,2;39;3
Lättmargarin fett 28% berikad typ Mini Lätta;2472;272;2;28;4
Flytande margarin fett 82% typ Becel;2474;727;0;82;0,5
Basmatiris okokt;2475;359;9,2;1;76,7
Jasminris okokt;2477;354;7,5;0,7;78,2
Råris fullkorn långkornigt okokt;2478;365;9,4;3;71,9
Grötris 5-25 min koktid okokt;2479;364;6,4;0,6;81,3
Ris långkornigt okokt;2481;352;7,8;0,7;76,9
Ris långkornigt parboiled okokt;2482;362;7,7;1,2;78
Snabbris salt 1% okokt;2483;361;7,9;0,2;79,7
Snabbris okokt;2484;365;8,5;0,7;78,5
Grötris rundkornigt 1 timmes koktid okokt;2485;361;6,4;0,8;80,2
Lättmargarin yoghurt fett 28% berikad typ Lätta;2488;278;3;28;4,5
Lättmargarin fett 38% berikad Becel olive;2489;348;0;38;3
Bordsmargarin fett 70% berikad typ Becel Gold;2490;623;0,4;70;0,5
Köttfärs blandfärs (70% nöt 30% gris) ;2492;204;18,7;15;0
Köttfärs blandfärs (50% nöt 50% gris) ;2499;203;18,2;15;0
Döner kebab;2506;170;10,8;6,3;16,8
Kebab special m pommes frites;2507;175;9,2;9;13,7
Korv mos ketchup senap bostongurka;2508;105;3,4;4,4;12,5
Korv bröd ketchup senap;2509;255;9,8;14,1;21,6
Hamburgare dubbel bröd ost sallad dressing;2510;234;10,9;11,5;21,4
Hamburgare enkel bröd inlagd gurka;2511;218;10,9;8,5;24
Hamburgare enkel bröd inlagd gurka ost;2512;229;11;8,7;25,7
Basmatiris kokt;2513;121;3,1;0,3;25,8
Jasminris kokt;2514;113;2,4;0,2;25
Ris långkornigt kokt;2515;112;2,5;0,2;24,5
Ris långkornigt parboiled kokt;2516;130;2,8;0,4;28
Råris fullkorn långkornigt kokt;2517;138;3,6;1,1;27,2
Snabbris salt 1% kokt;2518;121;2,7;0,1;26,8
Snabbris kokt;2519;131;3;0,3;28,2
Tagliatelle äggpasta glutenfritt kokt;2520;159;1,1;1,9;34
Pasta glutenfri kokt;2521;153;3,1;0,5;32,8
Pasta 100% majs glutenfri kokt;2522;155;2,9;0,8;32,9
Mjölksås till moussaka;2524;106;6,6;5,1;8,4
Gröna ärter kokta;2547;78;5,9;0,4;9,6
Älgkalops;2548;92;15,3;2,3;2,3
Älghögrev;2552;113;22,5;2,3;0,2
Älgryggbiff tjur;2555;106;23,6;1,1;0
Tacoskal;2557;458;7,1;20,8;58,1
Romansallat;2559;16;1,9;0,2;0,9
Rucolasallat;2561;28;2,6;0,7;2
Inlagd sill m gräddfilssås;3035;289;5,2;23,2;15,6
Senapssill m sås;3036;237;5,6;17,8;13,7
Bulgur kokt;3136;86;3;0,3;16,6
Ren korv rå;3141;252;17,2;18,8;4
Lamm korv rå;3213;255;15,9;19,3;4,8
Älgfärs;3323;106;22,6;1,6;0
Älg ytterlår ;3324;102;22,1;1,3;0
Linfröolja;3433;884;0;100;0
Inlagd sill;3500;245;9,8;14;20
Quinoa röd kokt m salt;3518;140;4,4;2,4;21,7
Bulgur fullkorn kokt u salt;3564;113;4,1;0,6;20,7
Sojadryck berikad;3668;44;3,1;2,4;2,5
Havredryck berikad typ Solhavre;3669;44;1,1;1,6;5,8
Couscous fullkorn kokt m salt;3752;144;4,7;0,9;27
Pasta berikad kokt m salt typ Gammaldags idealmakaroner;3753;146;4;0,5;30
Pasta berikad kokt m salt typ Idealmakaroner;3754;131;4,6;0,6;25,4
Pasta berikad kokt m salt typ snabbmakaroner;3755;126;4;0,5;25
Pasta kokt m salt ;3756;139;4,6;0,6;27,5
Vita bönor torkade kokta m salt;3760;112;8,8;0,9;11
Stora vita bönor konserv;3761;107;6,9;0,8;14,6
Kikärter torkade kokta m salt;3762;133;8,1;2,9;12,6
Dinkel;3786;346;14,6;2,4;60,2
Rågsiktsbröd fibrer ca 7% ;3790;233;6,8;2,8;41,8
Bröd vitt fibrer ca 5% typ Jättefranska ;3791;247;7,4;4,2;41,9
Vitt bröd fibrer ca 6% typ Äntligen mjukbröd;3792;269;6,8;4,4;46,7
Hårt bröd fullkorn råg fibrer ca 14% typ Rågi Wasa;3793;349;8,8;1,7;66,7
Rågbröd fullkorn fibrer ca 6% typ Lingongrova Skördeglädje Gott gräddat;3794;248;7,4;2,2;46,1
Vitt bröd fibrer ca 5% typ Pågenlimpan Skogaholmslimpa;3795;246;6,8;2;46,6
Grahamsbröd fullkorn fibrer ca 13% typ Polarkraft extrem;3796;228;8,2;3,4;36
Rågbröd fullkorn fibrer ca 7% typ Kornelle Fullkorn plus;3797;226;9,3;2,3;38,3
Korvbröd grovt;3798;264;9,3;4,9;42,4
Kikärter konserv;3815;128;7,5;2,5;15,7
Kidneybönor röda bönor konserv;3816;110;8,8;0,7;13,4
Svarta bönor konserv;3817;111;8,1;1;13,8
Hamburgerbröd;3818;285;8,1;4,1;51,2
Vitt bröd mjölk fibrer ca 4% typ tekaka;3819;285;8,1;4,1;51,2
Bruna bönor rullpack;3820;95;4,4;0,5;15
Gröna linser torkade kokta m salt;3821;127;9,4;0,7;15,9
Röda linser torkade kokta m salt;3822;125;10,6;0,6;14,6
Röda linser konserv;3823;89;6,9;0,5;11,9
Gröna linser konserv;3824;92;6,3;0,6;13,1
Hamburgerbröd grovt;3825;264;9,3;4,9;42,4
Pasta berikad kokt m salt;3826;139;4,3;0,6;27,7
Pasta >50% fullkorn kokt m salt;3828;161;5,8;1;29,9
Ägg ekologiskt rått;3840;141;12,4;10,1;0,4
Äggula ekologisk;3841;327;16,2;29,2;0,6
Dinkel speltvete kokt;3845;129;5,4;0,9;22,5
Mâchesallat;4052;19;2,6;0,2;0,8
Hampfröolja;4074;884;0;100;0
Lättmargarin m omega 3 mjölkfri fett 40% berikad typ Carlshamn;4085;354;0;40;0
Lättmargarin m växtstanol 7,2% fett 32% berikad typ Benecol;4086;297;2,8;32;0,7
Lättmargarin laktosfri m växtstanol 7,2% fett 32% berikad typ Benecol;4087;296;2,8;32;0,3
Hushållsmargarin mjölkfri fett 80% berikad typ Milda;4095;707;0;80;0
Lättmargarin fett 40% berikad typ VitaDor;4104;354;0;40;0
Lättmargarin fett 40% berikad typ Coop;4105;358;0,5;40;0,5
Lättmargarin fett 40% berikad typ Willys;4106;358;0,5;40;0,5
Bordsmargarin fett 60% berikad typ Euroshopper;4107;535;0,5;60;0,5
Hushållsmargarin fett 70% berikad typ X-tra;4109;623;0,5;70;0,5
Hushållsmargarin fett 80% berikad typ VitaDor;4110;707;0;80;0
Hushållsmargarin fett 80% berikad typ Hemköp;4111;708;0,1;80;0,1
Hushållsmargarin fett 80% berikad typ ICA;4112;710;0,2;80;0,3
Nudlar kokta m kryddor;4117;102;2,4;4,3;11,8
Palmolja;4131;884;0;100;0
Ägg ekologiskt stekt;4134;195;12,2;16,3;0,4
Ägg ekologiskt kokt ;4135;141;12,4;10,1;0,4
Pangasiusmal;4226;65;13,1;1,1;0
Solist rå;4385;63;1;0,1;13,6
Swift rå;4386;53;1,1;0,1;11
Solist kokt m salt;4415;77;1,4;0,1;16,4
Swift kokt m salt;4416;62;1,5;0,1;12,5
Asterix rå;4445;74;1,8;0,1;14,8
Risnudlar;4447;360;3,4;0,6;83,2
Risnudlar kokta;4448;109;0,9;0,2;24,9
Havtorn;4456;86;0,7;5;6,3
Potatis rå;4457;79;1,7;0,1;16,4
Potatis kokt m salt;4458;83;1,8;0,1;17,5
Grönkålssallad;4504;88;2,4;2,6;12,1
Kålrotslåda;4505;65;3,6;2,2;6,7
Färskpotatis kokt m salt;4511;71;1,4;0,1;14,8
Färskpotatis rå;4512;59;1,1;0,1;12,5
Inova rå;4513;66;1,9;0,1;13,1
King Edward rå;4514;83;1,8;0,1;17,7
Mandelpotatis rå;4515;89;2,2;0,1;18,1
Storkökspotatis kokt m salt;4516;76;1,7;0,1;15,8
Asterix kokt m salt;4518;81;1,9;0,1;16,8
Inova kokt m salt;4519;75;1,8;0,1;15,4
King Edward kokt m salt;4520;85;1,8;0,1;18
Mandelpotatis kokt m salt;4521;102;2,4;0,1;21,2
Fläskfärs gris fett 15 %;4583;202;16,8;15,1;0
Hoki;4586;72;16,6;0,5;0
Aronia;4588;49;0,7;0,1;8,3
Vita vinbär;4589;54;1,4;0,2;9,5
Ris rundkornigt kokt;4591;129;2,3;0,3;28,6
Pilgrimsmusslor;4600;45;9,5;0,5;0
Laxbullar m sås tillagade;4601;114;5,3;7,2;7,2
Fiskpinnar ugnsstekt;4602;207;12,3;9,1;19
Skarpsill;4607;140;17,6;9,1;0
Inlagd sill u lag;4608;235;9,8;12;21,9
Inlagd höstsill u lag;4609;247;11,7;12;23,1
Senapssill u sås;4610;251;7,8;17,8;15,2
Kapkummel;4611;69;16,6;0,6;0
Guldsparid;4612;185;18,9;11,4;0
Havsabborre;4613;142;19,5;6,2;0
Alaska pollock;4615;71;17,6;0,5;0
Guldsparid grillad;4616;201;23,1;11,1;0
Havsabborre grillad;4617;159;23,8;6;0
Olivolja extra jungfruolja;4659;884;0;100;0
Rapsolja kallpressad;4661;884;0;100;0
Flytande matfettsblandning fett 80 % typ smör och rapsolja;4662;711;0;80;0,8
Matfettsblandning fett 43% typ Bregott mindre ;4663;403;0,5;43;5
Småtomater röda typ körsbärstomat;4937;25;0,8;0,1;4,4
Torkade tomater;4938;167;9,4;1,5;23,3
Broccoli kokt;4939;26;2,4;0,3;2
Spenat färsk;4941;24;3,3;0,4;0,8
Röd mangold småbladig färsk;4942;16;2,1;0,5;0
Lök röd;4947;46;1,2;0,1;9
Kantarell;5007;24;1,7;0,3;2
Hjort kött kronhjort rå;5043;108;22,3;2;0
Hjort färs dovhjort rå;5044;134;21,8;5,1;0
Ren kött kallrökt rå;5045;132;26,2;2,7;0,5
Hjort skav rå;5046;127;17,9;6,3;0
Hjort korv rå;5047;231;17;17,6;1,4
Vildsvin bog rå;5048;104;22,6;1,4;0
Vildsvin filé rå;5049;112;23,3;1,8;0
Rådjur stek rå;5050;104;23,6;1,1;0
Vildsvin stek rå;5058;105;23;1,3;0
Kyckling korv rå;5059;197;9,4;13,6;9,6
Bacon gris rökt stekt;5062;348;19;30,6;0
Rådjur bog rå;5064;109;24,3;1,4;0
Ren kött rå;5065;108;23,1;1,7;0
Höstpotatis kokt u salt;5136;85;1,9;0,1;17,8
Potatis kokt u salt;5153;83;1,8;0,1;17,5
